Initialized native services in: /Users/sabatoiaquino/.gradle/native
Initialized jansi services in: /Users/sabatoiaquino/.gradle/native
To honour the JVM settings for this build a single-use Daemon process will be forked. For more on this, please refer to https://docs.gradle.org/8.13/userguide/gradle_daemon.html#sec:disabling_the_daemon in the Gradle documentation.
Starting process 'command '/Library/Java/JavaVirtualMachines/jdk-17.jdk/Contents/Home/bin/java''. Working directory: /Users/sabatoiaquino/.gradle/.tmp/tmp-jvm3724800616074674277probe Command: /Library/Java/JavaVirtualMachines/jdk-17.jdk/Contents/Home/bin/java -Xmx32m -Xms32m -cp . JavaProbe
Successfully started process 'command '/Library/Java/JavaVirtualMachines/jdk-17.jdk/Contents/Home/bin/java''
Received JVM installation metadata from '/Library/Java/JavaVirtualMachines/jdk-17.jdk/Contents/Home': {JAVA_HOME=/Library/Java/JavaVirtualMachines/jdk-17.jdk/Contents/Home, JAVA_VERSION=17.0.12, JAVA_VENDOR=Oracle Corporation, RUNTIME_NAME=Java(TM) SE Runtime Environment, RUNTIME_VERSION=17.0.12+8-LTS-286, VM_NAME=Java HotSpot(TM) 64-Bit Server VM, VM_VERSION=17.0.12+8-LTS-286, VM_VENDOR=Oracle Corporation, OS_ARCH=x86_64}
Starting process 'Gradle build daemon'. Working directory: /Users/sabatoiaquino/.gradle/daemon/8.13 Command: /Library/Java/JavaVirtualMachines/jdk-17.jdk/Contents/Home/bin/java --add-opens=java.base/java.lang=ALL-UNNAMED --add-opens=java.base/java.lang.invoke=ALL-UNNAMED --add-opens=java.base/java.util=ALL-UNNAMED --add-opens=java.prefs/java.util.prefs=ALL-UNNAMED --add-exports=jdk.compiler/com.sun.tools.javac.api=ALL-UNNAMED --add-exports=jdk.compiler/com.sun.tools.javac.util=ALL-UNNAMED --add-opens=java.base/java.util=ALL-UNNAMED --add-opens=java.prefs/java.util.prefs=ALL-UNNAMED --add-opens=java.base/java.nio.charset=ALL-UNNAMED --add-opens=java.base/java.net=ALL-UNNAMED --add-opens=java.base/java.util.concurrent.atomic=ALL-UNNAMED --add-opens=java.xml/javax.xml.namespace=ALL-UNNAMED -Xmx2048m -Dfile.encoding=UTF-8 -Duser.country=IT -Duser.language=it -Duser.variant -cp /Users/sabatoiaquino/.gradle/wrapper/dists/gradle-8.13-bin/5xuhj0ry160q40clulazy9h7d/gradle-8.13/lib/gradle-daemon-main-8.13.jar -javaagent:/Users/sabatoiaquino/.gradle/wrapper/dists/gradle-8.13-bin/5xuhj0ry160q40clulazy9h7d/gradle-8.13/lib/agents/gradle-instrumentation-agent-8.13.jar org.gradle.launcher.daemon.bootstrap.GradleDaemon 8.13
Successfully started process 'Gradle build daemon'
An attempt to start the daemon took 1.778 secs.
The client will now receive all logging from the daemon (pid: 53415). The daemon log file: /Users/sabatoiaquino/.gradle/daemon/8.13/daemon-53415.out.log
Daemon will be stopped at the end of the build 
Using 16 worker leases.
Received JVM installation metadata from '/Library/Java/JavaVirtualMachines/jdk-17.jdk/Contents/Home': {JAVA_HOME=/Library/Java/JavaVirtualMachines/jdk-17.jdk/Contents/Home, JAVA_VERSION=17.0.12, JAVA_VENDOR=Oracle Corporation, RUNTIME_NAME=Java(TM) SE Runtime Environment, RUNTIME_VERSION=17.0.12+8-LTS-286, VM_NAME=Java HotSpot(TM) 64-Bit Server VM, VM_VERSION=17.0.12+8-LTS-286, VM_VENDOR=Oracle Corporation, OS_ARCH=x86_64}
Watching the file system is configured to be enabled if available
Now considering [/Users/sabatoiaquino/Documents/Progetto-di-HCI/platform/source] as hierarchies to watch
File system watching is active
Starting Build
Caching disabled for Kotlin DSL script compilation (Settings/TopLevel/stage1) because:
  Build cache is disabled
Caching disabled for Kotlin DSL script compilation (Settings/TopLevel/stage2) because:
  Build cache is disabled
Settings evaluated using settings file '/Users/sabatoiaquino/Documents/Progetto-di-HCI/platform/source/settings.gradle.kts'.
Projects loaded. Root project using build file '/Users/sabatoiaquino/Documents/Progetto-di-HCI/platform/source/build.gradle.kts'.
Included projects: [root project 'ExploreSite', project ':app']

> Configure project :
Evaluating root project 'ExploreSite' using build file '/Users/sabatoiaquino/Documents/Progetto-di-HCI/platform/source/build.gradle.kts'.
Caching disabled for Kotlin DSL script compilation (Project/TopLevel/stage1) because:
  Build cache is disabled
Resolved plugin [id: 'com.android.application', version: '8.13.2', apply: false]
Resolved plugin [id: 'org.jetbrains.kotlin.android', version: '2.0.21', apply: false]
Resolved plugin [id: 'org.jetbrains.kotlin.plugin.compose', version: '2.0.21', apply: false]

> Configure project :app
Evaluating project ':app' using build file '/Users/sabatoiaquino/Documents/Progetto-di-HCI/platform/source/app/build.gradle.kts'.
Caching disabled for Kotlin DSL script compilation (Project/TopLevel/stage1) because:
  Build cache is disabled
Resolved plugin [id: 'com.android.application', version: '8.13.2']
Resolved plugin [id: 'org.jetbrains.kotlin.android', version: '2.0.21']
Resolved plugin [id: 'org.jetbrains.kotlin.plugin.compose', version: '2.0.21']
Using default execution profile
Using Kotlin Gradle Plugin gradle85 variant
Caching disabled for Kotlin DSL script compilation (Project/TopLevel/stage2) because:
  Build cache is disabled
Detected Android Gradle Plugin compose compiler configuration
Detected Android Gradle Plugin compose compiler configuration
Detected Android Gradle Plugin compose compiler configuration
Detected Android Gradle Plugin compose compiler configuration
Detected Android Gradle Plugin compose compiler configuration
All projects evaluated.
Task name matched 'clean'
Task name matched 'assembleDebug'
Selected primary task 'clean' from project :
Selected primary task 'assembleDebug' from project :
Adding -Xuse-inline-scopes-numbers Kotlin compiler flag for task :app:compileDebugKotlin
Tasks to be executed: [task ':app:clean', task ':app:preBuild', task ':app:preDebugBuild', task ':app:mergeDebugNativeDebugMetadata', task ':app:checkKotlinGradlePluginConfigurationErrors', task ':app:checkDebugAarMetadata', task ':app:processDebugNavigationResources', task ':app:compileDebugNavigationResources', task ':app:generateDebugResValues', task ':app:mapDebugSourceSetPaths', task ':app:generateDebugResources', task ':app:mergeDebugResources', task ':app:packageDebugResources', task ':app:parseDebugLocalResources', task ':app:createDebugCompatibleScreenManifests', task ':app:extractDeepLinksDebug', task ':app:processDebugMainManifest', task ':app:processDebugManifest', task ':app:processDebugManifestForPackage', task ':app:processDebugResources', task ':app:compileDebugKotlin', task ':app:javaPreCompileDebug', task ':app:compileDebugJavaWithJavac', task ':app:mergeDebugShaders', task ':app:compileDebugShaders', task ':app:generateDebugAssets', task ':app:mergeDebugAssets', task ':app:compressDebugAssets', task ':app:processDebugJavaRes', task ':app:mergeDebugJavaResource', task ':app:checkDebugDuplicateClasses', task ':app:desugarDebugFileDependencies', task ':app:mergeExtDexDebug', task ':app:mergeLibDexDebug', task ':app:dexBuilderDebug', task ':app:mergeProjectDexDebug', task ':app:mergeDebugJniLibFolders', task ':app:mergeDebugNativeLibs', task ':app:stripDebugDebugSymbols', task ':app:validateSigningDebug', task ':app:writeDebugAppMetadata', task ':app:writeDebugSigningConfigVersions', task ':app:packageDebug', task ':app:createDebugApkListingFileRedirect', task ':app:assembleDebug']
Tasks that were excluded: []
Resolve mutations for :app:clean (Thread[Execution worker,5,main]) started.
:app:clean (Thread[included builds,5,main]) started.
destroyer locations for task group 0 (Thread[Execution worker,5,main]) started.

> Task :app:clean
Caching disabled for task ':app:clean' because:
  Build cache is disabled
Task ':app:clean' is not up-to-date because:
  Task has not declared any outputs despite executing actions.
Resolve mutations for :app:preBuild (Thread[included builds,5,main]) started.
:app:preBuild (Thread[included builds,5,main]) started.

> Task :app:preBuild UP-TO-DATE
Skipping task ':app:preBuild' as it has no actions.
Resolve mutations for :app:preDebugBuild (Thread[included builds,5,main]) started.
:app:preDebugBuild (Thread[included builds,5,main]) started.

> Task :app:preDebugBuild UP-TO-DATE
Skipping task ':app:preDebugBuild' as it has no actions.
Resolve mutations for :app:mergeDebugNativeDebugMetadata (Thread[included builds,5,main]) started.
:app:mergeDebugNativeDebugMetadata (Thread[Execution worker Thread 13,5,main]) started.

> Task :app:mergeDebugNativeDebugMetadata NO-SOURCE
Skipping task ':app:mergeDebugNativeDebugMetadata' as it has no source files and no previous output files.
Resolve mutations for :app:checkKotlinGradlePluginConfigurationErrors (Thread[Execution worker Thread 13,5,main]) started.
:app:checkKotlinGradlePluginConfigurationErrors (Thread[Execution worker Thread 13,5,main]) started.

> Task :app:checkKotlinGradlePluginConfigurationErrors SKIPPED
Skipping task ':app:checkKotlinGradlePluginConfigurationErrors' as task onlyIf 'errorDiagnostics are present' is false.
Resolve mutations for :app:checkDebugAarMetadata (Thread[Execution worker Thread 11,5,main]) started.
:app:checkDebugAarMetadata (Thread[Execution worker Thread 11,5,main]) started.
Resolve mutations for :app:processDebugNavigationResources (Thread[included builds,5,main]) started.
:app:processDebugNavigationResources (Thread[included builds,5,main]) started.

> Task :app:checkDebugAarMetadata
Caching disabled for task ':app:checkDebugAarMetadata' because:
  Build cache is disabled
  Caching has been disabled for the task
Task ':app:checkDebugAarMetadata' is not up-to-date because:
  Output property 'dummyOutputDirectory' file /Users/sabatoiaquino/Documents/Progetto-di-HCI/platform/source/app/build/intermediates/aar_metadata_check/debug/checkDebugAarMetadata has been removed.

> Task :app:processDebugNavigationResources
Caching disabled for task ':app:processDebugNavigationResources' because:
  Build cache is disabled
Task ':app:processDebugNavigationResources' is not up-to-date because:
  Output property 'outputDir' file /Users/sabatoiaquino/Documents/Progetto-di-HCI/platform/source/app/build/generated/updated_navigation_xml/debug has been removed.
Resolve mutations for :app:compileDebugNavigationResources (Thread[included builds,5,main]) started.
:app:compileDebugNavigationResources (Thread[included builds,5,main]) started.
Resolve mutations for :app:generateDebugResValues (Thread[Execution worker Thread 11,5,main]) started.
:app:generateDebugResValues (Thread[Execution worker Thread 11,5,main]) started.

> Task :app:generateDebugResValues
Caching disabled for task ':app:generateDebugResValues' because:
  Build cache is disabled
Task ':app:generateDebugResValues' is not up-to-date because:
  Output property 'outputDirectory' file /Users/sabatoiaquino/Documents/Progetto-di-HCI/platform/source/app/build/generated/res/resValues/debug has been removed.
Resolve mutations for :app:mapDebugSourceSetPaths (Thread[Execution worker Thread 11,5,main]) started.
:app:mapDebugSourceSetPaths (Thread[Execution worker Thread 11,5,main]) started.

> Task :app:compileDebugNavigationResources
Caching disabled for task ':app:compileDebugNavigationResources' because:
  Build cache is disabled
Task ':app:compileDebugNavigationResources' is not up-to-date because:
  Output property 'outputDir' file /Users/sabatoiaquino/Documents/Progetto-di-HCI/platform/source/app/build/intermediates/compiled_navigation_res/debug/compileDebugNavigationResources has been removed.
The input changes require a full rebuild for incremental task ':app:compileDebugNavigationResources'.

> Task :app:mapDebugSourceSetPaths
Caching disabled for task ':app:mapDebugSourceSetPaths' because:
  Build cache is disabled
  Caching has been disabled for the task
Task ':app:mapDebugSourceSetPaths' is not up-to-date because:
  Output property 'filepathMappingFile' file /Users/sabatoiaquino/Documents/Progetto-di-HCI/platform/source/app/build/intermediates/source_set_path_map/debug/mapDebugSourceSetPaths/file-map.txt has been removed.
Resolve mutations for :app:generateDebugResources (Thread[Execution worker Thread 11,5,main]) started.
:app:generateDebugResources (Thread[Execution worker Thread 11,5,main]) started.

> Task :app:generateDebugResources
Caching disabled for task ':app:generateDebugResources' because:
  Build cache is disabled
Task ':app:generateDebugResources' is not up-to-date because:
  Output property 'validationReportFile' file /Users/sabatoiaquino/Documents/Progetto-di-HCI/platform/source/app/build/intermediates/nested_resources_validation_report/debug/generateDebugResources/nestedResourcesValidationReport.txt has been removed.
Resolve mutations for :app:mergeDebugResources (Thread[Execution worker Thread 11,5,main]) started.
:app:mergeDebugResources (Thread[Execution worker Thread 11,5,main]) started.

> Task :app:mergeDebugResources
Caching disabled for task ':app:mergeDebugResources' because:
  Build cache is disabled
Task ':app:mergeDebugResources' is not up-to-date because:
  Output property 'blameLogOutputFolder' file /Users/sabatoiaquino/Documents/Progetto-di-HCI/platform/source/app/build/intermediates/merged_res_blame_folder/debug/mergeDebugResources/out has been removed.
  Output property 'blameLogOutputFolder' file /Users/sabatoiaquino/Documents/Progetto-di-HCI/platform/source/app/build/intermediates/merged_res_blame_folder/debug/mergeDebugResources/out/multi-v2 has been removed.
  Output property 'blameLogOutputFolder' file /Users/sabatoiaquino/Documents/Progetto-di-HCI/platform/source/app/build/intermediates/merged_res_blame_folder/debug/mergeDebugResources/out/multi-v2/mergeDebugResources.json has been removed.
  and more...
The input changes require a full rebuild for incremental task ':app:mergeDebugResources'.
[MergeResources] Inputs are non-incremental full task action.
Generating PNG: [/Users/sabatoiaquino/Documents/Progetto-di-HCI/platform/source/app/build/generated/res/pngs/debug/drawable-ldpi/right_arrow_card.png] from [/Users/sabatoiaquino/Documents/Progetto-di-HCI/platform/source/app/src/main/res/drawable/right_arrow_card.xml]
Generating PNG: [/Users/sabatoiaquino/Documents/Progetto-di-HCI/platform/source/app/build/generated/res/pngs/debug/drawable-mdpi/profile.png] from [/Users/sabatoiaquino/Documents/Progetto-di-HCI/platform/source/app/src/main/res/drawable/profile.xml]
Generating PNG: [/Users/sabatoiaquino/Documents/Progetto-di-HCI/platform/source/app/build/generated/res/pngs/debug/drawable-mdpi/left_arrow_card.png] from [/Users/sabatoiaquino/Documents/Progetto-di-HCI/platform/source/app/src/main/res/drawable/left_arrow_card.xml]
Generating PNG: [/Users/sabatoiaquino/Documents/Progetto-di-HCI/platform/source/app/build/generated/res/pngs/debug/drawable-xxxhdpi/left_arrow.png] from [/Users/sabatoiaquino/Documents/Progetto-di-HCI/platform/source/app/src/main/res/drawable/left_arrow.xml]
Generating PNG: [/Users/sabatoiaquino/Documents/Progetto-di-HCI/platform/source/app/build/generated/res/pngs/debug/drawable-xxxhdpi/right_arrow_card.png] from [/Users/sabatoiaquino/Documents/Progetto-di-HCI/platform/source/app/src/main/res/drawable/right_arrow_card.xml]
Generating PNG: [/Users/sabatoiaquino/Documents/Progetto-di-HCI/platform/source/app/build/generated/res/pngs/debug/drawable-ldpi/profile.png] from [/Users/sabatoiaquino/Documents/Progetto-di-HCI/platform/source/app/src/main/res/drawable/profile.xml]
Generating PNG: [/Users/sabatoiaquino/Documents/Progetto-di-HCI/platform/source/app/build/generated/res/pngs/debug/drawable-xxxhdpi/profile.png] from [/Users/sabatoiaquino/Documents/Progetto-di-HCI/platform/source/app/src/main/res/drawable/profile.xml]
Generating PNG: [/Users/sabatoiaquino/Documents/Progetto-di-HCI/platform/source/app/build/generated/res/pngs/debug/drawable-hdpi/left_arrow.png] from [/Users/sabatoiaquino/Documents/Progetto-di-HCI/platform/source/app/src/main/res/drawable/left_arrow.xml]
Generating PNG: [/Users/sabatoiaquino/Documents/Progetto-di-HCI/platform/source/app/build/generated/res/pngs/debug/drawable-xhdpi/left_arrow.png] from [/Users/sabatoiaquino/Documents/Progetto-di-HCI/platform/source/app/src/main/res/drawable/left_arrow.xml]
Generating PNG: [/Users/sabatoiaquino/Documents/Progetto-di-HCI/platform/source/app/build/generated/res/pngs/debug/drawable-xxhdpi/left_arrow_card.png] from [/Users/sabatoiaquino/Documents/Progetto-di-HCI/platform/source/app/src/main/res/drawable/left_arrow_card.xml]
Generating PNG: [/Users/sabatoiaquino/Documents/Progetto-di-HCI/platform/source/app/build/generated/res/pngs/debug/drawable-ldpi/left_arrow.png] from [/Users/sabatoiaquino/Documents/Progetto-di-HCI/platform/source/app/src/main/res/drawable/left_arrow.xml]
Generating PNG: [/Users/sabatoiaquino/Documents/Progetto-di-HCI/platform/source/app/build/generated/res/pngs/debug/drawable-mdpi/left_arrow.png] from [/Users/sabatoiaquino/Documents/Progetto-di-HCI/platform/source/app/src/main/res/drawable/left_arrow.xml]
Generating PNG: [/Users/sabatoiaquino/Documents/Progetto-di-HCI/platform/source/app/build/generated/res/pngs/debug/drawable-xxhdpi/profile.png] from [/Users/sabatoiaquino/Documents/Progetto-di-HCI/platform/source/app/src/main/res/drawable/profile.xml]
Generating PNG: [/Users/sabatoiaquino/Documents/Progetto-di-HCI/platform/source/app/build/generated/res/pngs/debug/drawable-hdpi/profile.png] from [/Users/sabatoiaquino/Documents/Progetto-di-HCI/platform/source/app/src/main/res/drawable/profile.xml]
Generating PNG: [/Users/sabatoiaquino/Documents/Progetto-di-HCI/platform/source/app/build/generated/res/pngs/debug/drawable-xxhdpi/left_arrow.png] from [/Users/sabatoiaquino/Documents/Progetto-di-HCI/platform/source/app/src/main/res/drawable/left_arrow.xml]
Generating PNG: [/Users/sabatoiaquino/Documents/Progetto-di-HCI/platform/source/app/build/generated/res/pngs/debug/drawable-hdpi/right_arrow_card.png] from [/Users/sabatoiaquino/Documents/Progetto-di-HCI/platform/source/app/src/main/res/drawable/right_arrow_card.xml]
Generating PNG: [/Users/sabatoiaquino/Documents/Progetto-di-HCI/platform/source/app/build/generated/res/pngs/debug/drawable-xhdpi/profile.png] from [/Users/sabatoiaquino/Documents/Progetto-di-HCI/platform/source/app/src/main/res/drawable/profile.xml]
Generating PNG: [/Users/sabatoiaquino/Documents/Progetto-di-HCI/platform/source/app/build/generated/res/pngs/debug/drawable-mdpi/right_arrow_card.png] from [/Users/sabatoiaquino/Documents/Progetto-di-HCI/platform/source/app/src/main/res/drawable/right_arrow_card.xml]
Generating PNG: [/Users/sabatoiaquino/Documents/Progetto-di-HCI/platform/source/app/build/generated/res/pngs/debug/drawable-xhdpi/left_arrow_card.png] from [/Users/sabatoiaquino/Documents/Progetto-di-HCI/platform/source/app/src/main/res/drawable/left_arrow_card.xml]
Generating PNG: [/Users/sabatoiaquino/Documents/Progetto-di-HCI/platform/source/app/build/generated/res/pngs/debug/drawable-ldpi/left_arrow_card.png] from [/Users/sabatoiaquino/Documents/Progetto-di-HCI/platform/source/app/src/main/res/drawable/left_arrow_card.xml]
Generating PNG: [/Users/sabatoiaquino/Documents/Progetto-di-HCI/platform/source/app/build/generated/res/pngs/debug/drawable-xxhdpi/right_arrow_card.png] from [/Users/sabatoiaquino/Documents/Progetto-di-HCI/platform/source/app/src/main/res/drawable/right_arrow_card.xml]
Generating PNG: [/Users/sabatoiaquino/Documents/Progetto-di-HCI/platform/source/app/build/generated/res/pngs/debug/drawable-xxxhdpi/left_arrow_card.png] from [/Users/sabatoiaquino/Documents/Progetto-di-HCI/platform/source/app/src/main/res/drawable/left_arrow_card.xml]
Generating PNG: [/Users/sabatoiaquino/Documents/Progetto-di-HCI/platform/source/app/build/generated/res/pngs/debug/drawable-hdpi/left_arrow_card.png] from [/Users/sabatoiaquino/Documents/Progetto-di-HCI/platform/source/app/src/main/res/drawable/left_arrow_card.xml]
Generating PNG: [/Users/sabatoiaquino/Documents/Progetto-di-HCI/platform/source/app/build/generated/res/pngs/debug/drawable-xhdpi/right_arrow_card.png] from [/Users/sabatoiaquino/Documents/Progetto-di-HCI/platform/source/app/src/main/res/drawable/right_arrow_card.xml]
Compiling XML table /Users/sabatoiaquino/Documents/Progetto-di-HCI/platform/source/app/build/intermediates/incremental/debug/mergeDebugResources/merged.dir/values/values.xml to /Users/sabatoiaquino/Documents/Progetto-di-HCI/platform/source/app/build/intermediates/merged_res/debug/mergeDebugResources/values_values.arsc.flat
Compiling XML table /Users/sabatoiaquino/Documents/Progetto-di-HCI/platform/source/app/build/intermediates/incremental/debug/mergeDebugResources/merged.dir/values-hi/values-hi.xml to /Users/sabatoiaquino/Documents/Progetto-di-HCI/platform/source/app/build/intermediates/merged_res/debug/mergeDebugResources/values-hi_values-hi.arsc.flat
Compiling XML table /Users/sabatoiaquino/Documents/Progetto-di-HCI/platform/source/app/build/intermediates/incremental/debug/mergeDebugResources/merged.dir/values-pt/values-pt.xml to /Users/sabatoiaquino/Documents/Progetto-di-HCI/platform/source/app/build/intermediates/merged_res/debug/mergeDebugResources/values-pt_values-pt.arsc.flat
Compiling XML table /Users/sabatoiaquino/Documents/Progetto-di-HCI/platform/source/app/build/intermediates/incremental/debug/mergeDebugResources/merged.dir/values-watch-v21/values-watch-v21.xml to /Users/sabatoiaquino/Documents/Progetto-di-HCI/platform/source/app/build/intermediates/merged_res/debug/mergeDebugResources/values-watch-v21_values-watch-v21.arsc.flat
Compiling XML table /Users/sabatoiaquino/Documents/Progetto-di-HCI/platform/source/app/build/intermediates/incremental/debug/mergeDebugResources/merged.dir/values-watch-v20/values-watch-v20.xml to /Users/sabatoiaquino/Documents/Progetto-di-HCI/platform/source/app/build/intermediates/merged_res/debug/mergeDebugResources/values-watch-v20_values-watch-v20.arsc.flat
Compiling XML table /Users/sabatoiaquino/Documents/Progetto-di-HCI/platform/source/app/build/intermediates/incremental/debug/mergeDebugResources/merged.dir/values-hr/values-hr.xml to /Users/sabatoiaquino/Documents/Progetto-di-HCI/platform/source/app/build/intermediates/merged_res/debug/mergeDebugResources/values-hr_values-hr.arsc.flat
Compiling XML table /Users/sabatoiaquino/Documents/Progetto-di-HCI/platform/source/app/build/intermediates/incremental/debug/mergeDebugResources/merged.dir/values-hu/values-hu.xml to /Users/sabatoiaquino/Documents/Progetto-di-HCI/platform/source/app/build/intermediates/merged_res/debug/mergeDebugResources/values-hu_values-hu.arsc.flat
Compiling XML table /Users/sabatoiaquino/Documents/Progetto-di-HCI/platform/source/app/build/intermediates/incremental/debug/mergeDebugResources/merged.dir/values-v16/values-v16.xml to /Users/sabatoiaquino/Documents/Progetto-di-HCI/platform/source/app/build/intermediates/merged_res/debug/mergeDebugResources/values-v16_values-v16.arsc.flat
Compiling XML table /Users/sabatoiaquino/Documents/Progetto-di-HCI/platform/source/app/build/intermediates/incremental/debug/mergeDebugResources/merged.dir/values-hy/values-hy.xml to /Users/sabatoiaquino/Documents/Progetto-di-HCI/platform/source/app/build/intermediates/merged_res/debug/mergeDebugResources/values-hy_values-hy.arsc.flat
Compiling XML table /Users/sabatoiaquino/Documents/Progetto-di-HCI/platform/source/app/build/intermediates/incremental/debug/mergeDebugResources/merged.dir/values-v17/values-v17.xml to /Users/sabatoiaquino/Documents/Progetto-di-HCI/platform/source/app/build/intermediates/merged_res/debug/mergeDebugResources/values-v17_values-v17.arsc.flat
Compiling XML table /Users/sabatoiaquino/Documents/Progetto-di-HCI/platform/source/app/build/intermediates/incremental/debug/mergeDebugResources/merged.dir/values-v18/values-v18.xml to /Users/sabatoiaquino/Documents/Progetto-di-HCI/platform/source/app/build/intermediates/merged_res/debug/mergeDebugResources/values-v18_values-v18.arsc.flat
Compiling XML table /Users/sabatoiaquino/Documents/Progetto-di-HCI/platform/source/app/build/intermediates/incremental/debug/mergeDebugResources/merged.dir/values-ldltr-v21/values-ldltr-v21.xml to /Users/sabatoiaquino/Documents/Progetto-di-HCI/platform/source/app/build/intermediates/merged_res/debug/mergeDebugResources/values-ldltr-v21_values-ldltr-v21.arsc.flat
Compiling XML table /Users/sabatoiaquino/Documents/Progetto-di-HCI/platform/source/app/build/intermediates/incremental/debug/mergeDebugResources/merged.dir/values-af/values-af.xml to /Users/sabatoiaquino/Documents/Progetto-di-HCI/platform/source/app/build/intermediates/merged_res/debug/mergeDebugResources/values-af_values-af.arsc.flat
Compiling XML table /Users/sabatoiaquino/Documents/Progetto-di-HCI/platform/source/app/build/intermediates/incremental/debug/mergeDebugResources/merged.dir/values-in/values-in.xml to /Users/sabatoiaquino/Documents/Progetto-di-HCI/platform/source/app/build/intermediates/merged_res/debug/mergeDebugResources/values-in_values-in.arsc.flat
Compiling XML table /Users/sabatoiaquino/Documents/Progetto-di-HCI/platform/source/app/build/intermediates/incremental/debug/mergeDebugResources/merged.dir/values-zh-rHK/values-zh-rHK.xml to /Users/sabatoiaquino/Documents/Progetto-di-HCI/platform/source/app/build/intermediates/merged_res/debug/mergeDebugResources/values-zh-rHK_values-zh-rHK.arsc.flat
Compiling XML table /Users/sabatoiaquino/Documents/Progetto-di-HCI/platform/source/app/build/intermediates/incremental/debug/mergeDebugResources/merged.dir/values-is/values-is.xml to /Users/sabatoiaquino/Documents/Progetto-di-HCI/platform/source/app/build/intermediates/merged_res/debug/mergeDebugResources/values-is_values-is.arsc.flat
Compiling XML table /Users/sabatoiaquino/Documents/Progetto-di-HCI/platform/source/app/build/intermediates/incremental/debug/mergeDebugResources/merged.dir/values-ja/values-ja.xml to /Users/sabatoiaquino/Documents/Progetto-di-HCI/platform/source/app/build/intermediates/merged_res/debug/mergeDebugResources/values-ja_values-ja.arsc.flat
Compiling XML table /Users/sabatoiaquino/Documents/Progetto-di-HCI/platform/source/app/build/intermediates/incremental/debug/mergeDebugResources/merged.dir/values-v23/values-v23.xml to /Users/sabatoiaquino/Documents/Progetto-di-HCI/platform/source/app/build/intermediates/merged_res/debug/mergeDebugResources/values-v23_values-v23.arsc.flat
Compiling XML table /Users/sabatoiaquino/Documents/Progetto-di-HCI/platform/source/app/build/intermediates/incremental/debug/mergeDebugResources/merged.dir/values-v25/values-v25.xml to /Users/sabatoiaquino/Documents/Progetto-di-HCI/platform/source/app/build/intermediates/merged_res/debug/mergeDebugResources/values-v25_values-v25.arsc.flat
Compiling XML table /Users/sabatoiaquino/Documents/Progetto-di-HCI/platform/source/app/build/intermediates/incremental/debug/mergeDebugResources/merged.dir/values-b+sr+Latn/values-b+sr+Latn.xml to /Users/sabatoiaquino/Documents/Progetto-di-HCI/platform/source/app/build/intermediates/merged_res/debug/mergeDebugResources/values-b+sr+Latn_values-b+sr+Latn.arsc.flat
Compiling XML table /Users/sabatoiaquino/Documents/Progetto-di-HCI/platform/source/app/build/intermediates/incremental/debug/mergeDebugResources/merged.dir/values-ar/values-ar.xml to /Users/sabatoiaquino/Documents/Progetto-di-HCI/platform/source/app/build/intermediates/merged_res/debug/mergeDebugResources/values-ar_values-ar.arsc.flat
Compiling XML table /Users/sabatoiaquino/Documents/Progetto-di-HCI/platform/source/app/build/intermediates/incremental/debug/mergeDebugResources/merged.dir/values-v22/values-v22.xml to /Users/sabatoiaquino/Documents/Progetto-di-HCI/platform/source/app/build/intermediates/merged_res/debug/mergeDebugResources/values-v22_values-v22.arsc.flat
Compiling XML table /Users/sabatoiaquino/Documents/Progetto-di-HCI/platform/source/app/build/intermediates/incremental/debug/mergeDebugResources/merged.dir/values-ka/values-ka.xml to /Users/sabatoiaquino/Documents/Progetto-di-HCI/platform/source/app/build/intermediates/merged_res/debug/mergeDebugResources/values-ka_values-ka.arsc.flat
Compiling XML table /Users/sabatoiaquino/Documents/Progetto-di-HCI/platform/source/app/build/intermediates/incremental/debug/mergeDebugResources/merged.dir/values-v30/values-v30.xml to /Users/sabatoiaquino/Documents/Progetto-di-HCI/platform/source/app/build/intermediates/merged_res/debug/mergeDebugResources/values-v30_values-v30.arsc.flat
Compiling XML table /Users/sabatoiaquino/Documents/Progetto-di-HCI/platform/source/app/build/intermediates/incremental/debug/mergeDebugResources/merged.dir/values-pt-rBR/values-pt-rBR.xml to /Users/sabatoiaquino/Documents/Progetto-di-HCI/platform/source/app/build/intermediates/merged_res/debug/mergeDebugResources/values-pt-rBR_values-pt-rBR.arsc.flat
Compiling XML table /Users/sabatoiaquino/Documents/Progetto-di-HCI/platform/source/app/build/intermediates/incremental/debug/mergeDebugResources/merged.dir/values-en-rCA/values-en-rCA.xml to /Users/sabatoiaquino/Documents/Progetto-di-HCI/platform/source/app/build/intermediates/merged_res/debug/mergeDebugResources/values-en-rCA_values-en-rCA.arsc.flat
Compiling XML table /Users/sabatoiaquino/Documents/Progetto-di-HCI/platform/source/app/build/intermediates/incremental/debug/mergeDebugResources/merged.dir/values-iw/values-iw.xml to /Users/sabatoiaquino/Documents/Progetto-di-HCI/platform/source/app/build/intermediates/merged_res/debug/mergeDebugResources/values-iw_values-iw.arsc.flat
Compiling XML table /Users/sabatoiaquino/Documents/Progetto-di-HCI/platform/source/app/build/intermediates/incremental/debug/mergeDebugResources/merged.dir/values-as/values-as.xml to /Users/sabatoiaquino/Documents/Progetto-di-HCI/platform/source/app/build/intermediates/merged_res/debug/mergeDebugResources/values-as_values-as.arsc.flat
Compiling XML table /Users/sabatoiaquino/Documents/Progetto-di-HCI/platform/source/app/build/intermediates/incremental/debug/mergeDebugResources/merged.dir/values-am/values-am.xml to /Users/sabatoiaquino/Documents/Progetto-di-HCI/platform/source/app/build/intermediates/merged_res/debug/mergeDebugResources/values-am_values-am.arsc.flat
Compiling XML table /Users/sabatoiaquino/Documents/Progetto-di-HCI/platform/source/app/build/intermediates/incremental/debug/mergeDebugResources/merged.dir/values-v21/values-v21.xml to /Users/sabatoiaquino/Documents/Progetto-di-HCI/platform/source/app/build/intermediates/merged_res/debug/mergeDebugResources/values-v21_values-v21.arsc.flat
Compiling XML table /Users/sabatoiaquino/Documents/Progetto-di-HCI/platform/source/app/build/intermediates/incremental/debug/mergeDebugResources/merged.dir/values-zu/values-zu.xml to /Users/sabatoiaquino/Documents/Progetto-di-HCI/platform/source/app/build/intermediates/merged_res/debug/mergeDebugResources/values-zu_values-zu.arsc.flat
Compiling XML table /Users/sabatoiaquino/Documents/Progetto-di-HCI/platform/source/app/build/intermediates/incremental/debug/mergeDebugResources/merged.dir/values-az/values-az.xml to /Users/sabatoiaquino/Documents/Progetto-di-HCI/platform/source/app/build/intermediates/merged_res/debug/mergeDebugResources/values-az_values-az.arsc.flat
Compiling XML table /Users/sabatoiaquino/Documents/Progetto-di-HCI/platform/source/app/build/intermediates/incremental/debug/mergeDebugResources/merged.dir/values-es-rUS/values-es-rUS.xml to /Users/sabatoiaquino/Documents/Progetto-di-HCI/platform/source/app/build/intermediates/merged_res/debug/mergeDebugResources/values-es-rUS_values-es-rUS.arsc.flat
Compiling XML table /Users/sabatoiaquino/Documents/Progetto-di-HCI/platform/source/app/build/intermediates/incremental/debug/mergeDebugResources/merged.dir/values-pt-rPT/values-pt-rPT.xml to /Users/sabatoiaquino/Documents/Progetto-di-HCI/platform/source/app/build/intermediates/merged_res/debug/mergeDebugResources/values-pt-rPT_values-pt-rPT.arsc.flat
Compiling XML table /Users/sabatoiaquino/Documents/Progetto-di-HCI/platform/source/app/build/intermediates/incremental/debug/mergeDebugResources/merged.dir/values-v24/values-v24.xml to /Users/sabatoiaquino/Documents/Progetto-di-HCI/platform/source/app/build/intermediates/merged_res/debug/mergeDebugResources/values-v24_values-v24.arsc.flat
Compiling XML table /Users/sabatoiaquino/Documents/Progetto-di-HCI/platform/source/app/build/intermediates/incremental/debug/mergeDebugResources/merged.dir/values-sk/values-sk.xml to /Users/sabatoiaquino/Documents/Progetto-di-HCI/platform/source/app/build/intermediates/merged_res/debug/mergeDebugResources/values-sk_values-sk.arsc.flat
Compiling XML table /Users/sabatoiaquino/Documents/Progetto-di-HCI/platform/source/app/build/intermediates/incremental/debug/mergeDebugResources/merged.dir/values-bs/values-bs.xml to /Users/sabatoiaquino/Documents/Progetto-di-HCI/platform/source/app/build/intermediates/merged_res/debug/mergeDebugResources/values-bs_values-bs.arsc.flat
Compiling XML table /Users/sabatoiaquino/Documents/Progetto-di-HCI/platform/source/app/build/intermediates/incremental/debug/mergeDebugResources/merged.dir/values-be/values-be.xml to /Users/sabatoiaquino/Documents/Progetto-di-HCI/platform/source/app/build/intermediates/merged_res/debug/mergeDebugResources/values-be_values-be.arsc.flat
Compiling XML table /Users/sabatoiaquino/Documents/Progetto-di-HCI/platform/source/app/build/intermediates/incremental/debug/mergeDebugResources/merged.dir/values-ta/values-ta.xml to /Users/sabatoiaquino/Documents/Progetto-di-HCI/platform/source/app/build/intermediates/merged_res/debug/mergeDebugResources/values-ta_values-ta.arsc.flat
Compiling XML table /Users/sabatoiaquino/Documents/Progetto-di-HCI/platform/source/app/build/intermediates/incremental/debug/mergeDebugResources/merged.dir/values-cs/values-cs.xml to /Users/sabatoiaquino/Documents/Progetto-di-HCI/platform/source/app/build/intermediates/merged_res/debug/mergeDebugResources/values-cs_values-cs.arsc.flat
Compiling XML table /Users/sabatoiaquino/Documents/Progetto-di-HCI/platform/source/app/build/intermediates/incremental/debug/mergeDebugResources/merged.dir/values-sw600dp-v13/values-sw600dp-v13.xml to /Users/sabatoiaquino/Documents/Progetto-di-HCI/platform/source/app/build/intermediates/merged_res/debug/mergeDebugResources/values-sw600dp-v13_values-sw600dp-v13.arsc.flat
Compiling XML table /Users/sabatoiaquino/Documents/Progetto-di-HCI/platform/source/app/build/intermediates/incremental/debug/mergeDebugResources/merged.dir/values-ur/values-ur.xml to /Users/sabatoiaquino/Documents/Progetto-di-HCI/platform/source/app/build/intermediates/merged_res/debug/mergeDebugResources/values-ur_values-ur.arsc.flat
Compiling XML table /Users/sabatoiaquino/Documents/Progetto-di-HCI/platform/source/app/build/intermediates/incremental/debug/mergeDebugResources/merged.dir/values-km/values-km.xml to /Users/sabatoiaquino/Documents/Progetto-di-HCI/platform/source/app/build/intermediates/merged_res/debug/mergeDebugResources/values-km_values-km.arsc.flat
Compiling XML table /Users/sabatoiaquino/Documents/Progetto-di-HCI/platform/source/app/build/intermediates/incremental/debug/mergeDebugResources/merged.dir/values-v28/values-v28.xml to /Users/sabatoiaquino/Documents/Progetto-di-HCI/platform/source/app/build/intermediates/merged_res/debug/mergeDebugResources/values-v28_values-v28.arsc.flat
Compiling XML table /Users/sabatoiaquino/Documents/Progetto-di-HCI/platform/source/app/build/intermediates/incremental/debug/mergeDebugResources/merged.dir/values-kk/values-kk.xml to /Users/sabatoiaquino/Documents/Progetto-di-HCI/platform/source/app/build/intermediates/merged_res/debug/mergeDebugResources/values-kk_values-kk.arsc.flat
Compiling XML table /Users/sabatoiaquino/Documents/Progetto-di-HCI/platform/source/app/build/intermediates/incremental/debug/mergeDebugResources/merged.dir/values-sl/values-sl.xml to /Users/sabatoiaquino/Documents/Progetto-di-HCI/platform/source/app/build/intermediates/merged_res/debug/mergeDebugResources/values-sl_values-sl.arsc.flat
Compiling XML table /Users/sabatoiaquino/Documents/Progetto-di-HCI/platform/source/app/build/intermediates/incremental/debug/mergeDebugResources/merged.dir/values-ro/values-ro.xml to /Users/sabatoiaquino/Documents/Progetto-di-HCI/platform/source/app/build/intermediates/merged_res/debug/mergeDebugResources/values-ro_values-ro.arsc.flat
Compiling XML table /Users/sabatoiaquino/Documents/Progetto-di-HCI/platform/source/app/build/intermediates/incremental/debug/mergeDebugResources/merged.dir/values-si/values-si.xml to /Users/sabatoiaquino/Documents/Progetto-di-HCI/platform/source/app/build/intermediates/merged_res/debug/mergeDebugResources/values-si_values-si.arsc.flat
Compiling XML table /Users/sabatoiaquino/Documents/Progetto-di-HCI/platform/source/app/build/intermediates/incremental/debug/mergeDebugResources/merged.dir/values-bn/values-bn.xml to /Users/sabatoiaquino/Documents/Progetto-di-HCI/platform/source/app/build/intermediates/merged_res/debug/mergeDebugResources/values-bn_values-bn.arsc.flat
Compiling XML table /Users/sabatoiaquino/Documents/Progetto-di-HCI/platform/source/app/build/intermediates/incremental/debug/mergeDebugResources/merged.dir/values-sq/values-sq.xml to /Users/sabatoiaquino/Documents/Progetto-di-HCI/platform/source/app/build/intermediates/merged_res/debug/mergeDebugResources/values-sq_values-sq.arsc.flat
Compiling XML table /Users/sabatoiaquino/Documents/Progetto-di-HCI/platform/source/app/build/intermediates/incremental/debug/mergeDebugResources/merged.dir/values-ky/values-ky.xml to /Users/sabatoiaquino/Documents/Progetto-di-HCI/platform/source/app/build/intermediates/merged_res/debug/mergeDebugResources/values-ky_values-ky.arsc.flat
Compiling XML table /Users/sabatoiaquino/Documents/Progetto-di-HCI/platform/source/app/build/intermediates/incremental/debug/mergeDebugResources/merged.dir/values-port/values-port.xml to /Users/sabatoiaquino/Documents/Progetto-di-HCI/platform/source/app/build/intermediates/merged_res/debug/mergeDebugResources/values-port_values-port.arsc.flat
Compiling XML table /Users/sabatoiaquino/Documents/Progetto-di-HCI/platform/source/app/build/intermediates/incremental/debug/mergeDebugResources/merged.dir/values-pa/values-pa.xml to /Users/sabatoiaquino/Documents/Progetto-di-HCI/platform/source/app/build/intermediates/merged_res/debug/mergeDebugResources/values-pa_values-pa.arsc.flat
Compiling XML table /Users/sabatoiaquino/Documents/Progetto-di-HCI/platform/source/app/build/intermediates/incremental/debug/mergeDebugResources/merged.dir/values-mk/values-mk.xml to /Users/sabatoiaquino/Documents/Progetto-di-HCI/platform/source/app/build/intermediates/merged_res/debug/mergeDebugResources/values-mk_values-mk.arsc.flat
Compiling XML table /Users/sabatoiaquino/Documents/Progetto-di-HCI/platform/source/app/build/intermediates/incremental/debug/mergeDebugResources/merged.dir/values-en-rAU/values-en-rAU.xml to /Users/sabatoiaquino/Documents/Progetto-di-HCI/platform/source/app/build/intermediates/merged_res/debug/mergeDebugResources/values-en-rAU_values-en-rAU.arsc.flat
Compiling XML table /Users/sabatoiaquino/Documents/Progetto-di-HCI/platform/source/app/build/intermediates/incremental/debug/mergeDebugResources/merged.dir/values-te/values-te.xml to /Users/sabatoiaquino/Documents/Progetto-di-HCI/platform/source/app/build/intermediates/merged_res/debug/mergeDebugResources/values-te_values-te.arsc.flat
Compiling XML table /Users/sabatoiaquino/Documents/Progetto-di-HCI/platform/source/app/build/intermediates/incremental/debug/mergeDebugResources/merged.dir/values-tr/values-tr.xml to /Users/sabatoiaquino/Documents/Progetto-di-HCI/platform/source/app/build/intermediates/merged_res/debug/mergeDebugResources/values-tr_values-tr.arsc.flat
Compiling XML table /Users/sabatoiaquino/Documents/Progetto-di-HCI/platform/source/app/build/intermediates/incremental/debug/mergeDebugResources/merged.dir/values-ru/values-ru.xml to /Users/sabatoiaquino/Documents/Progetto-di-HCI/platform/source/app/build/intermediates/merged_res/debug/mergeDebugResources/values-ru_values-ru.arsc.flat
Compiling XML table /Users/sabatoiaquino/Documents/Progetto-di-HCI/platform/source/app/build/intermediates/incremental/debug/mergeDebugResources/merged.dir/values-th/values-th.xml to /Users/sabatoiaquino/Documents/Progetto-di-HCI/platform/source/app/build/intermediates/merged_res/debug/mergeDebugResources/values-th_values-th.arsc.flat
Compiling XML table /Users/sabatoiaquino/Documents/Progetto-di-HCI/platform/source/app/build/intermediates/incremental/debug/mergeDebugResources/merged.dir/values-en-rIN/values-en-rIN.xml to /Users/sabatoiaquino/Documents/Progetto-di-HCI/platform/source/app/build/intermediates/merged_res/debug/mergeDebugResources/values-en-rIN_values-en-rIN.arsc.flat
Compiling XML table /Users/sabatoiaquino/Documents/Progetto-di-HCI/platform/source/app/build/intermediates/incremental/debug/mergeDebugResources/merged.dir/values-sr/values-sr.xml to /Users/sabatoiaquino/Documents/Progetto-di-HCI/platform/source/app/build/intermediates/merged_res/debug/mergeDebugResources/values-sr_values-sr.arsc.flat
Compiling XML table /Users/sabatoiaquino/Documents/Progetto-di-HCI/platform/source/app/build/intermediates/incremental/debug/mergeDebugResources/merged.dir/values-h720dp-v13/values-h720dp-v13.xml to /Users/sabatoiaquino/Documents/Progetto-di-HCI/platform/source/app/build/intermediates/merged_res/debug/mergeDebugResources/values-h720dp-v13_values-h720dp-v13.arsc.flat
Compiling XML table /Users/sabatoiaquino/Documents/Progetto-di-HCI/platform/source/app/build/intermediates/incremental/debug/mergeDebugResources/merged.dir/values-uk/values-uk.xml to /Users/sabatoiaquino/Documents/Progetto-di-HCI/platform/source/app/build/intermediates/merged_res/debug/mergeDebugResources/values-uk_values-uk.arsc.flat
Compiling XML table /Users/sabatoiaquino/Documents/Progetto-di-HCI/platform/source/app/build/intermediates/incremental/debug/mergeDebugResources/merged.dir/values-tl/values-tl.xml to /Users/sabatoiaquino/Documents/Progetto-di-HCI/platform/source/app/build/intermediates/merged_res/debug/mergeDebugResources/values-tl_values-tl.arsc.flat
Compiling XML table /Users/sabatoiaquino/Documents/Progetto-di-HCI/platform/source/app/build/intermediates/incremental/debug/mergeDebugResources/merged.dir/values-ml/values-ml.xml to /Users/sabatoiaquino/Documents/Progetto-di-HCI/platform/source/app/build/intermediates/merged_res/debug/mergeDebugResources/values-ml_values-ml.arsc.flat
Compiling XML table /Users/sabatoiaquino/Documents/Progetto-di-HCI/platform/source/app/build/intermediates/incremental/debug/mergeDebugResources/merged.dir/values-bg/values-bg.xml to /Users/sabatoiaquino/Documents/Progetto-di-HCI/platform/source/app/build/intermediates/merged_res/debug/mergeDebugResources/values-bg_values-bg.arsc.flat
Compiling XML table /Users/sabatoiaquino/Documents/Progetto-di-HCI/platform/source/app/build/intermediates/incremental/debug/mergeDebugResources/merged.dir/values-night-v8/values-night-v8.xml to /Users/sabatoiaquino/Documents/Progetto-di-HCI/platform/source/app/build/intermediates/merged_res/debug/mergeDebugResources/values-night-v8_values-night-v8.arsc.flat
Compiling XML table /Users/sabatoiaquino/Documents/Progetto-di-HCI/platform/source/app/build/intermediates/incremental/debug/mergeDebugResources/merged.dir/values-sw/values-sw.xml to /Users/sabatoiaquino/Documents/Progetto-di-HCI/platform/source/app/build/intermediates/merged_res/debug/mergeDebugResources/values-sw_values-sw.arsc.flat
Compiling XML table /Users/sabatoiaquino/Documents/Progetto-di-HCI/platform/source/app/build/intermediates/incremental/debug/mergeDebugResources/merged.dir/values-zh-rTW/values-zh-rTW.xml to /Users/sabatoiaquino/Documents/Progetto-di-HCI/platform/source/app/build/intermediates/merged_res/debug/mergeDebugResources/values-zh-rTW_values-zh-rTW.arsc.flat
Compiling XML table /Users/sabatoiaquino/Documents/Progetto-di-HCI/platform/source/app/build/intermediates/incremental/debug/mergeDebugResources/merged.dir/values-mn/values-mn.xml to /Users/sabatoiaquino/Documents/Progetto-di-HCI/platform/source/app/build/intermediates/merged_res/debug/mergeDebugResources/values-mn_values-mn.arsc.flat
Compiling file /Users/sabatoiaquino/Documents/Progetto-di-HCI/platform/source/app/src/main/res/drawable/teatro_romano_di_benevento_curiosity1.jpg to /Users/sabatoiaquino/Documents/Progetto-di-HCI/platform/source/app/build/intermediates/merged_res/debug/mergeDebugResources/drawable_teatro_romano_di_benevento_curiosity1.jpg.flat
Compiling XML table /Users/sabatoiaquino/Documents/Progetto-di-HCI/platform/source/app/build/intermediates/incremental/debug/mergeDebugResources/merged.dir/values-pl/values-pl.xml to /Users/sabatoiaquino/Documents/Progetto-di-HCI/platform/source/app/build/intermediates/merged_res/debug/mergeDebugResources/values-pl_values-pl.arsc.flat
Compiling XML table /Users/sabatoiaquino/Documents/Progetto-di-HCI/platform/source/app/build/intermediates/incremental/debug/mergeDebugResources/merged.dir/values-kn/values-kn.xml to /Users/sabatoiaquino/Documents/Progetto-di-HCI/platform/source/app/build/intermediates/merged_res/debug/mergeDebugResources/values-kn_values-kn.arsc.flat
Compiling XML table /Users/sabatoiaquino/Documents/Progetto-di-HCI/platform/source/app/build/intermediates/incremental/debug/mergeDebugResources/merged.dir/values-vi/values-vi.xml to /Users/sabatoiaquino/Documents/Progetto-di-HCI/platform/source/app/build/intermediates/merged_res/debug/mergeDebugResources/values-vi_values-vi.arsc.flat
Compiling XML table /Users/sabatoiaquino/Documents/Progetto-di-HCI/platform/source/app/build/intermediates/incremental/debug/mergeDebugResources/merged.dir/values-sv/values-sv.xml to /Users/sabatoiaquino/Documents/Progetto-di-HCI/platform/source/app/build/intermediates/merged_res/debug/mergeDebugResources/values-sv_values-sv.arsc.flat
Compiling XML table /Users/sabatoiaquino/Documents/Progetto-di-HCI/platform/source/app/build/intermediates/incremental/debug/mergeDebugResources/merged.dir/values-uz/values-uz.xml to /Users/sabatoiaquino/Documents/Progetto-di-HCI/platform/source/app/build/intermediates/merged_res/debug/mergeDebugResources/values-uz_values-uz.arsc.flat
Compiling XML table /Users/sabatoiaquino/Documents/Progetto-di-HCI/platform/source/app/build/intermediates/incremental/debug/mergeDebugResources/merged.dir/values-ne/values-ne.xml to /Users/sabatoiaquino/Documents/Progetto-di-HCI/platform/source/app/build/intermediates/merged_res/debug/mergeDebugResources/values-ne_values-ne.arsc.flat
Compiling XML table /Users/sabatoiaquino/Documents/Progetto-di-HCI/platform/source/app/build/intermediates/incremental/debug/mergeDebugResources/merged.dir/values-fr-rCA/values-fr-rCA.xml to /Users/sabatoiaquino/Documents/Progetto-di-HCI/platform/source/app/build/intermediates/merged_res/debug/mergeDebugResources/values-fr-rCA_values-fr-rCA.arsc.flat
Compiling xml file /Users/sabatoiaquino/Documents/Progetto-di-HCI/platform/source/app/src/main/res/drawable/translation.xml to /Users/sabatoiaquino/Documents/Progetto-di-HCI/platform/source/app/build/intermediates/merged_res/debug/mergeDebugResources/drawable_translation.xml.flat
Compiling XML table /Users/sabatoiaquino/Documents/Progetto-di-HCI/platform/source/app/build/intermediates/incremental/debug/mergeDebugResources/merged.dir/values-el/values-el.xml to /Users/sabatoiaquino/Documents/Progetto-di-HCI/platform/source/app/build/intermediates/merged_res/debug/mergeDebugResources/values-el_values-el.arsc.flat
Compiling XML table /Users/sabatoiaquino/Documents/Progetto-di-HCI/platform/source/app/build/intermediates/incremental/debug/mergeDebugResources/merged.dir/values-nb/values-nb.xml to /Users/sabatoiaquino/Documents/Progetto-di-HCI/platform/source/app/build/intermediates/merged_res/debug/mergeDebugResources/values-nb_values-nb.arsc.flat
Compiling XML table /Users/sabatoiaquino/Documents/Progetto-di-HCI/platform/source/app/build/intermediates/incremental/debug/mergeDebugResources/merged.dir/values-ko/values-ko.xml to /Users/sabatoiaquino/Documents/Progetto-di-HCI/platform/source/app/build/intermediates/merged_res/debug/mergeDebugResources/values-ko_values-ko.arsc.flat
Compiling XML table /Users/sabatoiaquino/Documents/Progetto-di-HCI/platform/source/app/build/intermediates/incremental/debug/mergeDebugResources/merged.dir/values-da/values-da.xml to /Users/sabatoiaquino/Documents/Progetto-di-HCI/platform/source/app/build/intermediates/merged_res/debug/mergeDebugResources/values-da_values-da.arsc.flat
Compiling XML table /Users/sabatoiaquino/Documents/Progetto-di-HCI/platform/source/app/build/intermediates/incremental/debug/mergeDebugResources/merged.dir/values-de/values-de.xml to /Users/sabatoiaquino/Documents/Progetto-di-HCI/platform/source/app/build/intermediates/merged_res/debug/mergeDebugResources/values-de_values-de.arsc.flat
Compiling XML table /Users/sabatoiaquino/Documents/Progetto-di-HCI/platform/source/app/build/intermediates/incremental/debug/mergeDebugResources/merged.dir/values-large-v4/values-large-v4.xml to /Users/sabatoiaquino/Documents/Progetto-di-HCI/platform/source/app/build/intermediates/merged_res/debug/mergeDebugResources/values-large-v4_values-large-v4.arsc.flat
Compiling XML table /Users/sabatoiaquino/Documents/Progetto-di-HCI/platform/source/app/build/intermediates/incremental/debug/mergeDebugResources/merged.dir/values-lo/values-lo.xml to /Users/sabatoiaquino/Documents/Progetto-di-HCI/platform/source/app/build/intermediates/merged_res/debug/mergeDebugResources/values-lo_values-lo.arsc.flat
Compiling xml file /Users/sabatoiaquino/Documents/Progetto-di-HCI/platform/source/app/build/generated/res/pngs/debug/drawable-anydpi-v24/profile.xml to /Users/sabatoiaquino/Documents/Progetto-di-HCI/platform/source/app/build/intermediates/merged_res/debug/mergeDebugResources/drawable-anydpi-v24_profile.xml.flat
Compiling XML table /Users/sabatoiaquino/Documents/Progetto-di-HCI/platform/source/app/build/intermediates/incremental/debug/mergeDebugResources/merged.dir/values-lv/values-lv.xml to /Users/sabatoiaquino/Documents/Progetto-di-HCI/platform/source/app/build/intermediates/merged_res/debug/mergeDebugResources/values-lv_values-lv.arsc.flat
Compiling XML table /Users/sabatoiaquino/Documents/Progetto-di-HCI/platform/source/app/build/intermediates/incremental/debug/mergeDebugResources/merged.dir/values-gl/values-gl.xml to /Users/sabatoiaquino/Documents/Progetto-di-HCI/platform/source/app/build/intermediates/merged_res/debug/mergeDebugResources/values-gl_values-gl.arsc.flat
Compiling file /Users/sabatoiaquino/Documents/Progetto-di-HCI/platform/source/app/src/main/res/drawable/cantine_mastroberardino_primary.jpeg to /Users/sabatoiaquino/Documents/Progetto-di-HCI/platform/source/app/build/intermediates/merged_res/debug/mergeDebugResources/drawable_cantine_mastroberardino_primary.jpeg.flat
Compiling file /Users/sabatoiaquino/Documents/Progetto-di-HCI/platform/source/app/src/main/res/drawable/cattedrale_di_san_matteo_curiosity1.jpg to /Users/sabatoiaquino/Documents/Progetto-di-HCI/platform/source/app/build/intermediates/merged_res/debug/mergeDebugResources/drawable_cattedrale_di_san_matteo_curiosity1.jpg.flat
Compiling XML table /Users/sabatoiaquino/Documents/Progetto-di-HCI/platform/source/app/build/intermediates/incremental/debug/mergeDebugResources/merged.dir/values-it/values-it.xml to /Users/sabatoiaquino/Documents/Progetto-di-HCI/platform/source/app/build/intermediates/merged_res/debug/mergeDebugResources/values-it_values-it.arsc.flat
Compiling XML table /Users/sabatoiaquino/Documents/Progetto-di-HCI/platform/source/app/build/intermediates/incremental/debug/mergeDebugResources/merged.dir/values-fr/values-fr.xml to /Users/sabatoiaquino/Documents/Progetto-di-HCI/platform/source/app/build/intermediates/merged_res/debug/mergeDebugResources/values-fr_values-fr.arsc.flat
Compiling xml file /Users/sabatoiaquino/Documents/Progetto-di-HCI/platform/source/app/src/main/res/drawable/map.xml to /Users/sabatoiaquino/Documents/Progetto-di-HCI/platform/source/app/build/intermediates/merged_res/debug/mergeDebugResources/drawable_map.xml.flat
Compiling file /Users/sabatoiaquino/Documents/Progetto-di-HCI/platform/source/app/src/main/res/drawable/castello_di_arechi_primary.jpg to /Users/sabatoiaquino/Documents/Progetto-di-HCI/platform/source/app/build/intermediates/merged_res/debug/mergeDebugResources/drawable_castello_di_arechi_primary.jpg.flat
Compiling xml file /Users/sabatoiaquino/Documents/Progetto-di-HCI/platform/source/app/src/main/res/drawable/user_position.xml to /Users/sabatoiaquino/Documents/Progetto-di-HCI/platform/source/app/build/intermediates/merged_res/debug/mergeDebugResources/drawable_user_position.xml.flat
Compiling file /Users/sabatoiaquino/Documents/Progetto-di-HCI/platform/source/app/src/main/res/drawable/castel_dell_ovo_description.jpg to /Users/sabatoiaquino/Documents/Progetto-di-HCI/platform/source/app/build/intermediates/merged_res/debug/mergeDebugResources/drawable_castel_dell_ovo_description.jpg.flat
Compiling file /Users/sabatoiaquino/Documents/Progetto-di-HCI/platform/source/app/src/main/res/drawable/teatro_romano_di_benevento_curiosity2.jpg to /Users/sabatoiaquino/Documents/Progetto-di-HCI/platform/source/app/build/intermediates/merged_res/debug/mergeDebugResources/drawable_teatro_romano_di_benevento_curiosity2.jpg.flat
Compiling XML table /Users/sabatoiaquino/Documents/Progetto-di-HCI/platform/source/app/build/intermediates/incremental/debug/mergeDebugResources/merged.dir/values-nl/values-nl.xml to /Users/sabatoiaquino/Documents/Progetto-di-HCI/platform/source/app/build/intermediates/merged_res/debug/mergeDebugResources/values-nl_values-nl.arsc.flat
Compiling file /Users/sabatoiaquino/Documents/Progetto-di-HCI/platform/source/app/src/main/res/drawable/fabbrica_alberti_liquore_strega_description.jpg to /Users/sabatoiaquino/Documents/Progetto-di-HCI/platform/source/app/build/intermediates/merged_res/debug/mergeDebugResources/drawable_fabbrica_alberti_liquore_strega_description.jpg.flat
Compiling XML table /Users/sabatoiaquino/Documents/Progetto-di-HCI/platform/source/app/build/intermediates/incremental/debug/mergeDebugResources/merged.dir/values-zh-rCN/values-zh-rCN.xml to /Users/sabatoiaquino/Documents/Progetto-di-HCI/platform/source/app/build/intermediates/merged_res/debug/mergeDebugResources/values-zh-rCN_values-zh-rCN.arsc.flat
Compiling file /Users/sabatoiaquino/Documents/Progetto-di-HCI/platform/source/app/src/main/res/drawable/castello_di_gesualdo_curiosity1.jpg to /Users/sabatoiaquino/Documents/Progetto-di-HCI/platform/source/app/build/intermediates/merged_res/debug/mergeDebugResources/drawable_castello_di_gesualdo_curiosity1.jpg.flat
Compiling file /Users/sabatoiaquino/Documents/Progetto-di-HCI/platform/source/app/src/main/res/drawable/museo_archeologico_nazionale_di_napoli_curiosity1.jpg to /Users/sabatoiaquino/Documents/Progetto-di-HCI/platform/source/app/build/intermediates/merged_res/debug/mergeDebugResources/drawable_museo_archeologico_nazionale_di_napoli_curiosity1.jpg.flat
Compiling XML table /Users/sabatoiaquino/Documents/Progetto-di-HCI/platform/source/app/build/intermediates/incremental/debug/mergeDebugResources/merged.dir/values-fa/values-fa.xml to /Users/sabatoiaquino/Documents/Progetto-di-HCI/platform/source/app/build/intermediates/merged_res/debug/mergeDebugResources/values-fa_values-fa.arsc.flat
Compiling xml file /Users/sabatoiaquino/Documents/Progetto-di-HCI/platform/source/app/src/main/res/drawable/center_position.xml to /Users/sabatoiaquino/Documents/Progetto-di-HCI/platform/source/app/build/intermediates/merged_res/debug/mergeDebugResources/drawable_center_position.xml.flat
Compiling file /Users/sabatoiaquino/Documents/Progetto-di-HCI/platform/source/app/src/main/res/drawable/castello_di_arechi_curiosity1.jpg to /Users/sabatoiaquino/Documents/Progetto-di-HCI/platform/source/app/build/intermediates/merged_res/debug/mergeDebugResources/drawable_castello_di_arechi_curiosity1.jpg.flat
Compiling XML table /Users/sabatoiaquino/Documents/Progetto-di-HCI/platform/source/app/build/intermediates/incremental/debug/mergeDebugResources/merged.dir/values-ms/values-ms.xml to /Users/sabatoiaquino/Documents/Progetto-di-HCI/platform/source/app/build/intermediates/merged_res/debug/mergeDebugResources/values-ms_values-ms.arsc.flat
Compiling XML table /Users/sabatoiaquino/Documents/Progetto-di-HCI/platform/source/app/build/intermediates/incremental/debug/mergeDebugResources/merged.dir/values-lt/values-lt.xml to /Users/sabatoiaquino/Documents/Progetto-di-HCI/platform/source/app/build/intermediates/merged_res/debug/mergeDebugResources/values-lt_values-lt.arsc.flat
Compiling XML table /Users/sabatoiaquino/Documents/Progetto-di-HCI/platform/source/app/build/intermediates/incremental/debug/mergeDebugResources/merged.dir/values-gu/values-gu.xml to /Users/sabatoiaquino/Documents/Progetto-di-HCI/platform/source/app/build/intermediates/merged_res/debug/mergeDebugResources/values-gu_values-gu.arsc.flat
Compiling file /Users/sabatoiaquino/Documents/Progetto-di-HCI/platform/source/app/src/main/res/drawable/borgo_marinaro_di_cetara_primary.jpg to /Users/sabatoiaquino/Documents/Progetto-di-HCI/platform/source/app/build/intermediates/merged_res/debug/mergeDebugResources/drawable_borgo_marinaro_di_cetara_primary.jpg.flat
Compiling file /Users/sabatoiaquino/Documents/Progetto-di-HCI/platform/source/app/src/main/res/drawable/antica_pizzeria_da_michele_curiosity1.jpg to /Users/sabatoiaquino/Documents/Progetto-di-HCI/platform/source/app/build/intermediates/merged_res/debug/mergeDebugResources/drawable_antica_pizzeria_da_michele_curiosity1.jpg.flat
Compiling XML table /Users/sabatoiaquino/Documents/Progetto-di-HCI/platform/source/app/build/intermediates/incremental/debug/mergeDebugResources/merged.dir/values-my/values-my.xml to /Users/sabatoiaquino/Documents/Progetto-di-HCI/platform/source/app/build/intermediates/merged_res/debug/mergeDebugResources/values-my_values-my.arsc.flat
Compiling xml file /Users/sabatoiaquino/Documents/Progetto-di-HCI/platform/source/app/src/main/res/drawable/filter.xml to /Users/sabatoiaquino/Documents/Progetto-di-HCI/platform/source/app/build/intermediates/merged_res/debug/mergeDebugResources/drawable_filter.xml.flat
Compiling XML table /Users/sabatoiaquino/Documents/Progetto-di-HCI/platform/source/app/build/intermediates/incremental/debug/mergeDebugResources/merged.dir/values-eu/values-eu.xml to /Users/sabatoiaquino/Documents/Progetto-di-HCI/platform/source/app/build/intermediates/merged_res/debug/mergeDebugResources/values-eu_values-eu.arsc.flat
Compiling file /Users/sabatoiaquino/Documents/Progetto-di-HCI/platform/source/app/src/main/res/mipmap-xxhdpi/ic_launcher_foreground.webp to /Users/sabatoiaquino/Documents/Progetto-di-HCI/platform/source/app/build/intermediates/merged_res/debug/mergeDebugResources/mipmap-xxhdpi_ic_launcher_foreground.webp.flat
Compiling image file /Users/sabatoiaquino/Documents/Progetto-di-HCI/platform/source/app/build/generated/res/pngs/debug/drawable-mdpi/right_arrow_card.png
Compiling file /Users/sabatoiaquino/Documents/Progetto-di-HCI/platform/source/app/build/generated/res/pngs/debug/drawable-mdpi/right_arrow_card.png to /Users/sabatoiaquino/Documents/Progetto-di-HCI/platform/source/app/build/intermediates/merged_res/debug/mergeDebugResources/drawable-mdpi_right_arrow_card.png.flat
Compiling file /Users/sabatoiaquino/Documents/Progetto-di-HCI/platform/source/app/src/main/res/drawable/santuario_di_montevergine_curiosity2.jpg to /Users/sabatoiaquino/Documents/Progetto-di-HCI/platform/source/app/build/intermediates/merged_res/debug/mergeDebugResources/drawable_santuario_di_montevergine_curiosity2.jpg.flat
Compiling file /Users/sabatoiaquino/Documents/Progetto-di-HCI/platform/source/app/src/main/res/drawable/museo_campano_di_capua_curiosity1.jpg to /Users/sabatoiaquino/Documents/Progetto-di-HCI/platform/source/app/build/intermediates/merged_res/debug/mergeDebugResources/drawable_museo_campano_di_capua_curiosity1.jpg.flat
Compiling file /Users/sabatoiaquino/Documents/Progetto-di-HCI/platform/source/app/src/main/res/drawable/teatro_romano_di_benevento_primary.jpg to /Users/sabatoiaquino/Documents/Progetto-di-HCI/platform/source/app/build/intermediates/merged_res/debug/mergeDebugResources/drawable_teatro_romano_di_benevento_primary.jpg.flat
Compiling image file /Users/sabatoiaquino/Documents/Progetto-di-HCI/platform/source/app/build/generated/res/pngs/debug/drawable-mdpi/profile.png
Compiling file /Users/sabatoiaquino/Documents/Progetto-di-HCI/platform/source/app/build/generated/res/pngs/debug/drawable-mdpi/profile.png to /Users/sabatoiaquino/Documents/Progetto-di-HCI/platform/source/app/build/intermediates/merged_res/debug/mergeDebugResources/drawable-mdpi_profile.png.flat
Compiling file /Users/sabatoiaquino/Documents/Progetto-di-HCI/platform/source/app/src/main/res/drawable/castello_di_arechi_description.jpg to /Users/sabatoiaquino/Documents/Progetto-di-HCI/platform/source/app/build/intermediates/merged_res/debug/mergeDebugResources/drawable_castello_di_arechi_description.jpg.flat
Compiling xml file /Users/sabatoiaquino/Documents/Progetto-di-HCI/platform/source/app/src/main/res/drawable/culinary_position.xml to /Users/sabatoiaquino/Documents/Progetto-di-HCI/platform/source/app/build/intermediates/merged_res/debug/mergeDebugResources/drawable_culinary_position.xml.flat
Compiling file /Users/sabatoiaquino/Documents/Progetto-di-HCI/platform/source/app/src/main/res/drawable/museo_archeologico_provinciale_di_salerno_primary.jpg to /Users/sabatoiaquino/Documents/Progetto-di-HCI/platform/source/app/build/intermediates/merged_res/debug/mergeDebugResources/drawable_museo_archeologico_provinciale_di_salerno_primary.jpg.flat

Resolve mutations for :app:packageDebugResources (Thread[Execution worker Thread 9,5,main]) started.
:app:packageDebugResources (Thread[Execution worker Thread 9,5,main]) started.

> Task :app:packageDebugResources
Caching disabled for task ':app:packageDebugResources' because:
  Build cache is disabled
Task ':app:packageDebugResources' is not up-to-date because:
  Output property 'dataBindingLayoutInfoOutFolder' file /Users/sabatoiaquino/Documents/Progetto-di-HCI/platform/source/app/build/intermediates/data_binding_layout_info_type_package/debug/packageDebugResources/out has been removed.
  Output property 'incrementalFolder' file /Users/sabatoiaquino/Documents/Progetto-di-HCI/platform/source/app/build/intermediates/incremental/debug/packageDebugResources has been removed.
  Output property 'incrementalFolder' file /Users/sabatoiaquino/Documents/Progetto-di-HCI/platform/source/app/build/intermediates/incremental/debug/packageDebugResources/compile-file-map.properties has been removed.
  and more...
The input changes require a full rebuild for incremental task ':app:packageDebugResources'.
[MergeResources] Inputs are non-incremental full task action.
Resolve mutations for :app:parseDebugLocalResources (Thread[Execution worker Thread 9,5,main]) started.
:app:parseDebugLocalResources (Thread[Execution worker Thread 9,5,main]) started.

> Task :app:mergeDebugResources
Compiling image file /Users/sabatoiaquino/Documents/Progetto-di-HCI/platform/source/app/build/generated/res/pngs/debug/drawable-xhdpi/left_arrow.png
Compiling file /Users/sabatoiaquino/Documents/Progetto-di-HCI/platform/source/app/build/generated/res/pngs/debug/drawable-xhdpi/left_arrow.png to /Users/sabatoiaquino/Documents/Progetto-di-HCI/platform/source/app/build/intermediates/merged_res/debug/mergeDebugResources/drawable-xhdpi_left_arrow.png.flat
Compiling image file /Users/sabatoiaquino/Documents/Progetto-di-HCI/platform/source/app/build/generated/res/pngs/debug/drawable-hdpi/left_arrow_card.png
Compiling file /Users/sabatoiaquino/Documents/Progetto-di-HCI/platform/source/app/build/generated/res/pngs/debug/drawable-hdpi/left_arrow_card.png to /Users/sabatoiaquino/Documents/Progetto-di-HCI/platform/source/app/build/intermediates/merged_res/debug/mergeDebugResources/drawable-hdpi_left_arrow_card.png.flat
Compiling file /Users/sabatoiaquino/Documents/Progetto-di-HCI/platform/source/app/src/main/res/drawable/museo_archeologico_provinciale_di_salerno_curiosity2.jpg to /Users/sabatoiaquino/Documents/Progetto-di-HCI/platform/source/app/build/intermediates/merged_res/debug/mergeDebugResources/drawable_museo_archeologico_provinciale_di_salerno_curiosity2.jpg.flat
Compiling file /Users/sabatoiaquino/Documents/Progetto-di-HCI/platform/source/app/src/main/res/drawable/castello_di_gesualdo_curiosity2.jpg to /Users/sabatoiaquino/Documents/Progetto-di-HCI/platform/source/app/build/intermediates/merged_res/debug/mergeDebugResources/drawable_castello_di_gesualdo_curiosity2.jpg.flat
Compiling image file /Users/sabatoiaquino/Documents/Progetto-di-HCI/platform/source/app/build/generated/res/pngs/debug/drawable-xhdpi/profile.png
Compiling file /Users/sabatoiaquino/Documents/Progetto-di-HCI/platform/source/app/build/generated/res/pngs/debug/drawable-xhdpi/profile.png to /Users/sabatoiaquino/Documents/Progetto-di-HCI/platform/source/app/build/intermediates/merged_res/debug/mergeDebugResources/drawable-xhdpi_profile.png.flat
Compiling file /Users/sabatoiaquino/Documents/Progetto-di-HCI/platform/source/app/src/main/res/mipmap-mdpi/ic_launcher_round.webp to /Users/sabatoiaquino/Documents/Progetto-di-HCI/platform/source/app/build/intermediates/merged_res/debug/mergeDebugResources/mipmap-mdpi_ic_launcher_round.webp.flat
Compiling image file /Users/sabatoiaquino/Documents/Progetto-di-HCI/platform/source/app/build/generated/res/pngs/debug/drawable-xhdpi/left_arrow_card.png
Compiling file /Users/sabatoiaquino/Documents/Progetto-di-HCI/platform/source/app/build/generated/res/pngs/debug/drawable-xhdpi/left_arrow_card.png to /Users/sabatoiaquino/Documents/Progetto-di-HCI/platform/source/app/build/intermediates/merged_res/debug/mergeDebugResources/drawable-xhdpi_left_arrow_card.png.flat
Compiling file /Users/sabatoiaquino/Documents/Progetto-di-HCI/platform/source/app/src/main/res/drawable/museo_del_sannio_curiosity1.jpg to /Users/sabatoiaquino/Documents/Progetto-di-HCI/platform/source/app/build/intermediates/merged_res/debug/mergeDebugResources/drawable_museo_del_sannio_curiosity1.jpg.flat
Compiling file /Users/sabatoiaquino/Documents/Progetto-di-HCI/platform/source/app/src/main/res/drawable/museo_campano_di_capua_curiosity2.jpg to /Users/sabatoiaquino/Documents/Progetto-di-HCI/platform/source/app/build/intermediates/merged_res/debug/mergeDebugResources/drawable_museo_campano_di_capua_curiosity2.jpg.flat
Compiling XML table /Users/sabatoiaquino/Documents/Progetto-di-HCI/platform/source/app/build/intermediates/incremental/debug/mergeDebugResources/merged.dir/values-es/values-es.xml to /Users/sabatoiaquino/Documents/Progetto-di-HCI/platform/source/app/build/intermediates/merged_res/debug/mergeDebugResources/values-es_values-es.arsc.flat
Compiling file /Users/sabatoiaquino/Documents/Progetto-di-HCI/platform/source/app/src/main/res/drawable/museo_irpino_curiosity1.jpg to /Users/sabatoiaquino/Documents/Progetto-di-HCI/platform/source/app/build/intermediates/merged_res/debug/mergeDebugResources/drawable_museo_irpino_curiosity1.jpg.flat
Compiling file /Users/sabatoiaquino/Documents/Progetto-di-HCI/platform/source/app/src/main/res/drawable/duomo_di_casertavecchia_curiosity2.jpg to /Users/sabatoiaquino/Documents/Progetto-di-HCI/platform/source/app/build/intermediates/merged_res/debug/mergeDebugResources/drawable_duomo_di_casertavecchia_curiosity2.jpg.flat
Compiling file /Users/sabatoiaquino/Documents/Progetto-di-HCI/platform/source/app/src/main/res/drawable/santuario_di_montevergine_description.jpg to /Users/sabatoiaquino/Documents/Progetto-di-HCI/platform/source/app/build/intermediates/merged_res/debug/mergeDebugResources/drawable_santuario_di_montevergine_description.jpg.flat
Compiling file /Users/sabatoiaquino/Documents/Progetto-di-HCI/platform/source/app/src/main/res/drawable/castel_dell_ovo_curiosity1.jpg to /Users/sabatoiaquino/Documents/Progetto-di-HCI/platform/source/app/build/intermediates/merged_res/debug/mergeDebugResources/drawable_castel_dell_ovo_curiosity1.jpg.flat
Compiling file /Users/sabatoiaquino/Documents/Progetto-di-HCI/platform/source/app/src/main/res/drawable/borgo_marinaro_di_cetara_curiosity1.jpg to /Users/sabatoiaquino/Documents/Progetto-di-HCI/platform/source/app/build/intermediates/merged_res/debug/mergeDebugResources/drawable_borgo_marinaro_di_cetara_curiosity1.jpg.flat
Compiling image file /Users/sabatoiaquino/Documents/Progetto-di-HCI/platform/source/app/src/main/res/drawable/museo_archeologico_provinciale_di_salerno_curiosity1.png
Compiling file /Users/sabatoiaquino/Documents/Progetto-di-HCI/platform/source/app/src/main/res/drawable/museo_archeologico_provinciale_di_salerno_curiosity1.png to /Users/sabatoiaquino/Documents/Progetto-di-HCI/platform/source/app/build/intermediates/merged_res/debug/mergeDebugResources/drawable_museo_archeologico_provinciale_di_salerno_curiosity1.png.flat
Compiling file /Users/sabatoiaquino/Documents/Progetto-di-HCI/platform/source/app/src/main/res/drawable/complesso_monumentale_di_santa_chiara_curiosity2.jpg to /Users/sabatoiaquino/Documents/Progetto-di-HCI/platform/source/app/build/intermediates/merged_res/debug/mergeDebugResources/drawable_complesso_monumentale_di_santa_chiara_curiosity2.jpg.flat
Compiling file /Users/sabatoiaquino/Documents/Progetto-di-HCI/platform/source/app/src/main/res/drawable/museo_del_sannio_description.jpg to /Users/sabatoiaquino/Documents/Progetto-di-HCI/platform/source/app/build/intermediates/merged_res/debug/mergeDebugResources/drawable_museo_del_sannio_description.jpg.flat
Compiling file /Users/sabatoiaquino/Documents/Progetto-di-HCI/platform/source/app/src/main/res/drawable/cantine_mastroberardino_curiosity2.jpg to /Users/sabatoiaquino/Documents/Progetto-di-HCI/platform/source/app/build/intermediates/merged_res/debug/mergeDebugResources/drawable_cantine_mastroberardino_curiosity2.jpg.flat
Compiling file /Users/sabatoiaquino/Documents/Progetto-di-HCI/platform/source/app/src/main/res/drawable/pepe_in_grani_primary.jpg to /Users/sabatoiaquino/Documents/Progetto-di-HCI/platform/source/app/build/intermediates/merged_res/debug/mergeDebugResources/drawable_pepe_in_grani_primary.jpg.flat
Compiling xml file /Users/sabatoiaquino/Documents/Progetto-di-HCI/platform/source/app/src/main/res/xml/data_extraction_rules.xml to /Users/sabatoiaquino/Documents/Progetto-di-HCI/platform/source/app/build/intermediates/merged_res/debug/mergeDebugResources/xml_data_extraction_rules.xml.flat
Compiling XML table /Users/sabatoiaquino/Documents/Progetto-di-HCI/platform/source/app/build/intermediates/incremental/debug/mergeDebugResources/merged.dir/values-et/values-et.xml to /Users/sabatoiaquino/Documents/Progetto-di-HCI/platform/source/app/build/intermediates/merged_res/debug/mergeDebugResources/values-et_values-et.arsc.flat
Compiling file /Users/sabatoiaquino/Documents/Progetto-di-HCI/platform/source/app/src/main/res/drawable/santuario_di_montevergine_primary.jpg to /Users/sabatoiaquino/Documents/Progetto-di-HCI/platform/source/app/build/intermediates/merged_res/debug/mergeDebugResources/drawable_santuario_di_montevergine_primary.jpg.flat
Compiling XML table /Users/sabatoiaquino/Documents/Progetto-di-HCI/platform/source/app/build/intermediates/incremental/debug/mergeDebugResources/merged.dir/values-hdpi-v4/values-hdpi-v4.xml to /Users/sabatoiaquino/Documents/Progetto-di-HCI/platform/source/app/build/intermediates/merged_res/debug/mergeDebugResources/values-hdpi-v4_values-hdpi-v4.arsc.flat
Compiling file /Users/sabatoiaquino/Documents/Progetto-di-HCI/platform/source/app/src/main/res/drawable/chiesa_di_santa_sofia_description.jpg to /Users/sabatoiaquino/Documents/Progetto-di-HCI/platform/source/app/build/intermediates/merged_res/debug/mergeDebugResources/drawable_chiesa_di_santa_sofia_description.jpg.flat
Compiling image file /Users/sabatoiaquino/Documents/Progetto-di-HCI/platform/source/app/build/generated/res/pngs/debug/drawable-hdpi/left_arrow.png
Compiling file /Users/sabatoiaquino/Documents/Progetto-di-HCI/platform/source/app/build/generated/res/pngs/debug/drawable-hdpi/left_arrow.png to /Users/sabatoiaquino/Documents/Progetto-di-HCI/platform/source/app/build/intermediates/merged_res/debug/mergeDebugResources/drawable-hdpi_left_arrow.png.flat
Compiling file /Users/sabatoiaquino/Documents/Progetto-di-HCI/platform/source/app/src/main/res/drawable/cattedrale_di_san_matteo_curiosity2.jpg to /Users/sabatoiaquino/Documents/Progetto-di-HCI/platform/source/app/build/intermediates/merged_res/debug/mergeDebugResources/drawable_cattedrale_di_san_matteo_curiosity2.jpg.flat
Compiling image file /Users/sabatoiaquino/Documents/Progetto-di-HCI/platform/source/app/build/generated/res/pngs/debug/drawable-xxhdpi/profile.png
Compiling file /Users/sabatoiaquino/Documents/Progetto-di-HCI/platform/source/app/src/main/res/drawable/antica_pizzeria_da_michele_description.jpg to /Users/sabatoiaquino/Documents/Progetto-di-HCI/platform/source/app/build/intermediates/merged_res/debug/mergeDebugResources/drawable_antica_pizzeria_da_michele_description.jpg.flat
Compiling file /Users/sabatoiaquino/Documents/Progetto-di-HCI/platform/source/app/build/generated/res/pngs/debug/drawable-xxhdpi/profile.png to /Users/sabatoiaquino/Documents/Progetto-di-HCI/platform/source/app/build/intermediates/merged_res/debug/mergeDebugResources/drawable-xxhdpi_profile.png.flat
Compiling file /Users/sabatoiaquino/Documents/Progetto-di-HCI/platform/source/app/src/main/res/drawable/museo_del_sannio_curiosity2.jpg to /Users/sabatoiaquino/Documents/Progetto-di-HCI/platform/source/app/build/intermediates/merged_res/debug/mergeDebugResources/drawable_museo_del_sannio_curiosity2.jpg.flat
Compiling xml file /Users/sabatoiaquino/Documents/Progetto-di-HCI/platform/source/app/src/main/res/drawable/museum_position.xml to /Users/sabatoiaquino/Documents/Progetto-di-HCI/platform/source/app/build/intermediates/merged_res/debug/mergeDebugResources/drawable_museum_position.xml.flat
Compiling file /Users/sabatoiaquino/Documents/Progetto-di-HCI/platform/source/app/src/main/res/drawable/chiesa_di_santa_sofia_curiosity2.jpg to /Users/sabatoiaquino/Documents/Progetto-di-HCI/platform/source/app/build/intermediates/merged_res/debug/mergeDebugResources/drawable_chiesa_di_santa_sofia_curiosity2.jpg.flat
Compiling XML table /Users/sabatoiaquino/Documents/Progetto-di-HCI/platform/source/app/build/intermediates/incremental/debug/mergeDebugResources/merged.dir/values-v26/values-v26.xml to /Users/sabatoiaquino/Documents/Progetto-di-HCI/platform/source/app/build/intermediates/merged_res/debug/mergeDebugResources/values-v26_values-v26.arsc.flat
Compiling file /Users/sabatoiaquino/Documents/Progetto-di-HCI/platform/source/app/src/main/res/mipmap-hdpi/ic_launcher_round.webp to /Users/sabatoiaquino/Documents/Progetto-di-HCI/platform/source/app/build/intermediates/merged_res/debug/mergeDebugResources/mipmap-hdpi_ic_launcher_round.webp.flat
Compiling XML table /Users/sabatoiaquino/Documents/Progetto-di-HCI/platform/source/app/build/intermediates/incremental/debug/mergeDebugResources/merged.dir/values-or/values-or.xml to /Users/sabatoiaquino/Documents/Progetto-di-HCI/platform/source/app/build/intermediates/merged_res/debug/mergeDebugResources/values-or_values-or.arsc.flat
Compiling xml file /Users/sabatoiaquino/Documents/Progetto-di-HCI/platform/source/app/src/main/res/drawable/thumb_up.xml to /Users/sabatoiaquino/Documents/Progetto-di-HCI/platform/source/app/build/intermediates/merged_res/debug/mergeDebugResources/drawable_thumb_up.xml.flat
Compiling image file /Users/sabatoiaquino/Documents/Progetto-di-HCI/platform/source/app/build/generated/res/pngs/debug/drawable-xxxhdpi/left_arrow.png
Compiling file /Users/sabatoiaquino/Documents/Progetto-di-HCI/platform/source/app/build/generated/res/pngs/debug/drawable-xxxhdpi/left_arrow.png to /Users/sabatoiaquino/Documents/Progetto-di-HCI/platform/source/app/build/intermediates/merged_res/debug/mergeDebugResources/drawable-xxxhdpi_left_arrow.png.flat
Compiling xml file /Users/sabatoiaquino/Documents/Progetto-di-HCI/platform/source/app/src/main/res/drawable/religious_position.xml to /Users/sabatoiaquino/Documents/Progetto-di-HCI/platform/source/app/build/intermediates/merged_res/debug/mergeDebugResources/drawable_religious_position.xml.flat
Compiling file /Users/sabatoiaquino/Documents/Progetto-di-HCI/platform/source/app/src/main/res/drawable/arco_di_traiano_description.jpg to /Users/sabatoiaquino/Documents/Progetto-di-HCI/platform/source/app/build/intermediates/merged_res/debug/mergeDebugResources/drawable_arco_di_traiano_description.jpg.flat
Compiling file /Users/sabatoiaquino/Documents/Progetto-di-HCI/platform/source/app/src/main/res/drawable/pepe_in_grani_curiosity2.jpg to /Users/sabatoiaquino/Documents/Progetto-di-HCI/platform/source/app/build/intermediates/merged_res/debug/mergeDebugResources/drawable_pepe_in_grani_curiosity2.jpg.flat
Compiling xml file /Users/sabatoiaquino/Documents/Progetto-di-HCI/platform/source/app/build/generated/res/pngs/debug/drawable-anydpi-v24/ic_launcher_foreground.xml to /Users/sabatoiaquino/Documents/Progetto-di-HCI/platform/source/app/build/intermediates/merged_res/debug/mergeDebugResources/drawable-anydpi-v24_ic_launcher_foreground.xml.flat
Compiling xml file /Users/sabatoiaquino/Documents/Progetto-di-HCI/platform/source/app/src/main/res/drawable/journey_duration.xml to /Users/sabatoiaquino/Documents/Progetto-di-HCI/platform/source/app/build/intermediates/merged_res/debug/mergeDebugResources/drawable_journey_duration.xml.flat
Compiling file /Users/sabatoiaquino/Documents/Progetto-di-HCI/platform/source/app/src/main/res/mipmap-xxhdpi/ic_launcher_round.webp to /Users/sabatoiaquino/Documents/Progetto-di-HCI/platform/source/app/build/intermediates/merged_res/debug/mergeDebugResources/mipmap-xxhdpi_ic_launcher_round.webp.flat
Compiling file /Users/sabatoiaquino/Documents/Progetto-di-HCI/platform/source/app/src/main/res/drawable/museo_irpino_primary.jpg to /Users/sabatoiaquino/Documents/Progetto-di-HCI/platform/source/app/build/intermediates/merged_res/debug/mergeDebugResources/drawable_museo_irpino_primary.jpg.flat
Compiling XML table /Users/sabatoiaquino/Documents/Progetto-di-HCI/platform/source/app/build/intermediates/incremental/debug/mergeDebugResources/merged.dir/values-ca/values-ca.xml to /Users/sabatoiaquino/Documents/Progetto-di-HCI/platform/source/app/build/intermediates/merged_res/debug/mergeDebugResources/values-ca_values-ca.arsc.flat
Compiling file /Users/sabatoiaquino/Documents/Progetto-di-HCI/platform/source/app/src/main/res/drawable/museo_archeologico_provinciale_di_salerno_description.jpg to /Users/sabatoiaquino/Documents/Progetto-di-HCI/platform/source/app/build/intermediates/merged_res/debug/mergeDebugResources/drawable_museo_archeologico_provinciale_di_salerno_description.jpg.flat
Compiling xml file /Users/sabatoiaquino/Documents/Progetto-di-HCI/platform/source/app/build/generated/res/pngs/debug/drawable-anydpi-v24/left_arrow.xml to /Users/sabatoiaquino/Documents/Progetto-di-HCI/platform/source/app/build/intermediates/merged_res/debug/mergeDebugResources/drawable-anydpi-v24_left_arrow.xml.flat
Compiling image file /Users/sabatoiaquino/Documents/Progetto-di-HCI/platform/source/app/build/generated/res/pngs/debug/drawable-xxxhdpi/right_arrow_card.png
Compiling file /Users/sabatoiaquino/Documents/Progetto-di-HCI/platform/source/app/src/main/res/drawable/museo_campano_di_capua_primary.jpg to /Users/sabatoiaquino/Documents/Progetto-di-HCI/platform/source/app/build/intermediates/merged_res/debug/mergeDebugResources/drawable_museo_campano_di_capua_primary.jpg.flat
Compiling file /Users/sabatoiaquino/Documents/Progetto-di-HCI/platform/source/app/src/main/res/drawable/arco_di_traiano_curiosity2.jpg to /Users/sabatoiaquino/Documents/Progetto-di-HCI/platform/source/app/build/intermediates/merged_res/debug/mergeDebugResources/drawable_arco_di_traiano_curiosity2.jpg.flat
Compiling file /Users/sabatoiaquino/Documents/Progetto-di-HCI/platform/source/app/src/main/res/drawable/reggia_di_caserta_curiosity1.jpg to /Users/sabatoiaquino/Documents/Progetto-di-HCI/platform/source/app/build/intermediates/merged_res/debug/mergeDebugResources/drawable_reggia_di_caserta_curiosity1.jpg.flat
Compiling file /Users/sabatoiaquino/Documents/Progetto-di-HCI/platform/source/app/build/generated/res/pngs/debug/drawable-xxxhdpi/right_arrow_card.png to /Users/sabatoiaquino/Documents/Progetto-di-HCI/platform/source/app/build/intermediates/merged_res/debug/mergeDebugResources/drawable-xxxhdpi_right_arrow_card.png.flat
Compiling file /Users/sabatoiaquino/Documents/Progetto-di-HCI/platform/source/app/src/main/res/drawable/teatro_romano_di_benevento_description.jpg to /Users/sabatoiaquino/Documents/Progetto-di-HCI/platform/source/app/build/intermediates/merged_res/debug/mergeDebugResources/drawable_teatro_romano_di_benevento_description.jpg.flat
Compiling XML table /Users/sabatoiaquino/Documents/Progetto-di-HCI/platform/source/app/build/intermediates/incremental/debug/mergeDebugResources/merged.dir/values-en-rXC/values-en-rXC.xml to /Users/sabatoiaquino/Documents/Progetto-di-HCI/platform/source/app/build/intermediates/merged_res/debug/mergeDebugResources/values-en-rXC_values-en-rXC.arsc.flat
Compiling file /Users/sabatoiaquino/Documents/Progetto-di-HCI/platform/source/app/src/main/res/drawable/fabbrica_alberti_liquore_strega_primary.jpg to /Users/sabatoiaquino/Documents/Progetto-di-HCI/platform/source/app/build/intermediates/merged_res/debug/mergeDebugResources/drawable_fabbrica_alberti_liquore_strega_primary.jpg.flat
Compiling XML table /Users/sabatoiaquino/Documents/Progetto-di-HCI/platform/source/app/build/intermediates/incremental/debug/mergeDebugResources/merged.dir/values-en-rGB/values-en-rGB.xml to /Users/sabatoiaquino/Documents/Progetto-di-HCI/platform/source/app/build/intermediates/merged_res/debug/mergeDebugResources/values-en-rGB_values-en-rGB.arsc.flat
Compiling xml file /Users/sabatoiaquino/Documents/Progetto-di-HCI/platform/source/app/src/main/res/drawable/archeological_position.xml to /Users/sabatoiaquino/Documents/Progetto-di-HCI/platform/source/app/build/intermediates/merged_res/debug/mergeDebugResources/drawable_archeological_position.xml.flat
Compiling file /Users/sabatoiaquino/Documents/Progetto-di-HCI/platform/source/app/src/main/res/drawable/scavi_di_pompei_curiosity1.jpg to /Users/sabatoiaquino/Documents/Progetto-di-HCI/platform/source/app/build/intermediates/merged_res/debug/mergeDebugResources/drawable_scavi_di_pompei_curiosity1.jpg.flat
Compiling file /Users/sabatoiaquino/Documents/Progetto-di-HCI/platform/source/app/src/main/res/mipmap-xhdpi/ic_launcher_foreground.webp to /Users/sabatoiaquino/Documents/Progetto-di-HCI/platform/source/app/build/intermediates/merged_res/debug/mergeDebugResources/mipmap-xhdpi_ic_launcher_foreground.webp.flat
Compiling file /Users/sabatoiaquino/Documents/Progetto-di-HCI/platform/source/app/src/main/res/drawable/arco_di_traiano_primary.jpg to /Users/sabatoiaquino/Documents/Progetto-di-HCI/platform/source/app/build/intermediates/merged_res/debug/mergeDebugResources/drawable_arco_di_traiano_primary.jpg.flat
Compiling file /Users/sabatoiaquino/Documents/Progetto-di-HCI/platform/source/app/src/main/res/drawable/pepe_in_grani_description.jpg to /Users/sabatoiaquino/Documents/Progetto-di-HCI/platform/source/app/build/intermediates/merged_res/debug/mergeDebugResources/drawable_pepe_in_grani_description.jpg.flat
Compiling file /Users/sabatoiaquino/Documents/Progetto-di-HCI/platform/source/app/src/main/res/drawable/arco_di_traiano_curiosity1.jpg to /Users/sabatoiaquino/Documents/Progetto-di-HCI/platform/source/app/build/intermediates/merged_res/debug/mergeDebugResources/drawable_arco_di_traiano_curiosity1.jpg.flat
Compiling file /Users/sabatoiaquino/Documents/Progetto-di-HCI/platform/source/app/src/main/res/drawable/duomo_di_casertavecchia_curiosity1.jpg to /Users/sabatoiaquino/Documents/Progetto-di-HCI/platform/source/app/build/intermediates/merged_res/debug/mergeDebugResources/drawable_duomo_di_casertavecchia_curiosity1.jpg.flat
Compiling file /Users/sabatoiaquino/Documents/Progetto-di-HCI/platform/source/app/src/main/res/drawable/museo_del_sannio_primary.jpg to /Users/sabatoiaquino/Documents/Progetto-di-HCI/platform/source/app/build/intermediates/merged_res/debug/mergeDebugResources/drawable_museo_del_sannio_primary.jpg.flat
Compiling image file /Users/sabatoiaquino/Documents/Progetto-di-HCI/platform/source/app/build/generated/res/pngs/debug/drawable-hdpi/right_arrow_card.png
Compiling file /Users/sabatoiaquino/Documents/Progetto-di-HCI/platform/source/app/build/generated/res/pngs/debug/drawable-hdpi/right_arrow_card.png to /Users/sabatoiaquino/Documents/Progetto-di-HCI/platform/source/app/build/intermediates/merged_res/debug/mergeDebugResources/drawable-hdpi_right_arrow_card.png.flat
Compiling XML table /Users/sabatoiaquino/Documents/Progetto-di-HCI/platform/source/app/build/intermediates/incremental/debug/mergeDebugResources/merged.dir/values-land/values-land.xml to /Users/sabatoiaquino/Documents/Progetto-di-HCI/platform/source/app/build/intermediates/merged_res/debug/mergeDebugResources/values-land_values-land.arsc.flat
Compiling file /Users/sabatoiaquino/Documents/Progetto-di-HCI/platform/source/app/src/main/res/drawable/parco_archeologico_di_paestum_curiosity2.jpg to /Users/sabatoiaquino/Documents/Progetto-di-HCI/platform/source/app/build/intermediates/merged_res/debug/mergeDebugResources/drawable_parco_archeologico_di_paestum_curiosity2.jpg.flat
Compiling file /Users/sabatoiaquino/Documents/Progetto-di-HCI/platform/source/app/src/main/res/drawable/castel_dell_ovo_curiosity2.jpg to /Users/sabatoiaquino/Documents/Progetto-di-HCI/platform/source/app/build/intermediates/merged_res/debug/mergeDebugResources/drawable_castel_dell_ovo_curiosity2.jpg.flat
Compiling file /Users/sabatoiaquino/Documents/Progetto-di-HCI/platform/source/app/src/main/res/mipmap-xxxhdpi/ic_launcher_foreground.webp to /Users/sabatoiaquino/Documents/Progetto-di-HCI/platform/source/app/build/intermediates/merged_res/debug/mergeDebugResources/mipmap-xxxhdpi_ic_launcher_foreground.webp.flat
Compiling file /Users/sabatoiaquino/Documents/Progetto-di-HCI/platform/source/app/src/main/res/drawable/castello_di_gesualdo_description.jpg to /Users/sabatoiaquino/Documents/Progetto-di-HCI/platform/source/app/build/intermediates/merged_res/debug/mergeDebugResources/drawable_castello_di_gesualdo_description.jpg.flat
Compiling file /Users/sabatoiaquino/Documents/Progetto-di-HCI/platform/source/app/src/main/res/drawable/reggia_di_caserta_curiosity2.jpg to /Users/sabatoiaquino/Documents/Progetto-di-HCI/platform/source/app/build/intermediates/merged_res/debug/mergeDebugResources/drawable_reggia_di_caserta_curiosity2.jpg.flat
Compiling image file /Users/sabatoiaquino/Documents/Progetto-di-HCI/platform/source/app/build/generated/res/pngs/debug/drawable-xxhdpi/right_arrow_card.png
Compiling file /Users/sabatoiaquino/Documents/Progetto-di-HCI/platform/source/app/build/generated/res/pngs/debug/drawable-xxhdpi/right_arrow_card.png to /Users/sabatoiaquino/Documents/Progetto-di-HCI/platform/source/app/build/intermediates/merged_res/debug/mergeDebugResources/drawable-xxhdpi_right_arrow_card.png.flat
Compiling image file /Users/sabatoiaquino/Documents/Progetto-di-HCI/platform/source/app/build/generated/res/pngs/debug/drawable-hdpi/profile.png
Compiling file /Users/sabatoiaquino/Documents/Progetto-di-HCI/platform/source/app/build/generated/res/pngs/debug/drawable-hdpi/profile.png to /Users/sabatoiaquino/Documents/Progetto-di-HCI/platform/source/app/build/intermediates/merged_res/debug/mergeDebugResources/drawable-hdpi_profile.png.flat
Compiling file /Users/sabatoiaquino/Documents/Progetto-di-HCI/platform/source/app/src/main/res/drawable/antica_pizzeria_da_michele_curiosity2.jpg to /Users/sabatoiaquino/Documents/Progetto-di-HCI/platform/source/app/build/intermediates/merged_res/debug/mergeDebugResources/drawable_antica_pizzeria_da_michele_curiosity2.jpg.flat
Compiling file /Users/sabatoiaquino/Documents/Progetto-di-HCI/platform/source/app/src/main/res/mipmap-mdpi/ic_launcher.webp to /Users/sabatoiaquino/Documents/Progetto-di-HCI/platform/source/app/build/intermediates/merged_res/debug/mergeDebugResources/mipmap-mdpi_ic_launcher.webp.flat
Compiling file /Users/sabatoiaquino/Documents/Progetto-di-HCI/platform/source/app/src/main/res/drawable/borgo_marinaro_di_cetara_curiosity2.jpg to /Users/sabatoiaquino/Documents/Progetto-di-HCI/platform/source/app/build/intermediates/merged_res/debug/mergeDebugResources/drawable_borgo_marinaro_di_cetara_curiosity2.jpg.flat
Compiling file /Users/sabatoiaquino/Documents/Progetto-di-HCI/platform/source/app/src/main/res/drawable/scavi_di_pompei_curiosity2.jpg to /Users/sabatoiaquino/Documents/Progetto-di-HCI/platform/source/app/build/intermediates/merged_res/debug/mergeDebugResources/drawable_scavi_di_pompei_curiosity2.jpg.flat
Compiling image file /Users/sabatoiaquino/Documents/Progetto-di-HCI/platform/source/app/build/generated/res/pngs/debug/drawable-xhdpi/right_arrow_card.png
Compiling file /Users/sabatoiaquino/Documents/Progetto-di-HCI/platform/source/app/build/generated/res/pngs/debug/drawable-xhdpi/right_arrow_card.png to /Users/sabatoiaquino/Documents/Progetto-di-HCI/platform/source/app/build/intermediates/merged_res/debug/mergeDebugResources/drawable-xhdpi_right_arrow_card.png.flat
Compiling file /Users/sabatoiaquino/Documents/Progetto-di-HCI/platform/source/app/src/main/res/drawable/cantine_mastroberardino_curiosity1.jpg to /Users/sabatoiaquino/Documents/Progetto-di-HCI/platform/source/app/build/intermediates/merged_res/debug/mergeDebugResources/drawable_cantine_mastroberardino_curiosity1.jpg.flat
Compiling file /Users/sabatoiaquino/Documents/Progetto-di-HCI/platform/source/app/src/main/res/drawable/parco_archeologico_di_aeclanum_primary.jpg to /Users/sabatoiaquino/Documents/Progetto-di-HCI/platform/source/app/build/intermediates/merged_res/debug/mergeDebugResources/drawable_parco_archeologico_di_aeclanum_primary.jpg.flat
Compiling xml file /Users/sabatoiaquino/Documents/Progetto-di-HCI/platform/source/app/src/main/res/xml/backup_rules.xml to /Users/sabatoiaquino/Documents/Progetto-di-HCI/platform/source/app/build/intermediates/merged_res/debug/mergeDebugResources/xml_backup_rules.xml.flat
Compiling image file /Users/sabatoiaquino/Documents/Progetto-di-HCI/platform/source/app/build/generated/res/pngs/debug/drawable-xxxhdpi/profile.png
Compiling file /Users/sabatoiaquino/Documents/Progetto-di-HCI/platform/source/app/build/generated/res/pngs/debug/drawable-xxxhdpi/profile.png to /Users/sabatoiaquino/Documents/Progetto-di-HCI/platform/source/app/build/intermediates/merged_res/debug/mergeDebugResources/drawable-xxxhdpi_profile.png.flat
Compiling image file /Users/sabatoiaquino/Documents/Progetto-di-HCI/platform/source/app/build/generated/res/pngs/debug/drawable-xxhdpi/left_arrow_card.png
Compiling file /Users/sabatoiaquino/Documents/Progetto-di-HCI/platform/source/app/build/generated/res/pngs/debug/drawable-xxhdpi/left_arrow_card.png to /Users/sabatoiaquino/Documents/Progetto-di-HCI/platform/source/app/build/intermediates/merged_res/debug/mergeDebugResources/drawable-xxhdpi_left_arrow_card.png.flat
Compiling file /Users/sabatoiaquino/Documents/Progetto-di-HCI/platform/source/app/src/main/res/drawable/anfiteatro_campano_curiosity1.jpg to /Users/sabatoiaquino/Documents/Progetto-di-HCI/platform/source/app/build/intermediates/merged_res/debug/mergeDebugResources/drawable_anfiteatro_campano_curiosity1.jpg.flat
Compiling file /Users/sabatoiaquino/Documents/Progetto-di-HCI/platform/source/app/src/main/res/drawable/duomo_di_casertavecchia_description.jpg to /Users/sabatoiaquino/Documents/Progetto-di-HCI/platform/source/app/build/intermediates/merged_res/debug/mergeDebugResources/drawable_duomo_di_casertavecchia_description.jpg.flat
Compiling xml file /Users/sabatoiaquino/Documents/Progetto-di-HCI/platform/source/app/src/main/res/drawable/blind.xml to /Users/sabatoiaquino/Documents/Progetto-di-HCI/platform/source/app/build/intermediates/merged_res/debug/mergeDebugResources/drawable_blind.xml.flat
Compiling image file /Users/sabatoiaquino/Documents/Progetto-di-HCI/platform/source/app/build/generated/res/pngs/debug/drawable-ldpi/left_arrow_card.png
Compiling file /Users/sabatoiaquino/Documents/Progetto-di-HCI/platform/source/app/build/generated/res/pngs/debug/drawable-ldpi/left_arrow_card.png to /Users/sabatoiaquino/Documents/Progetto-di-HCI/platform/source/app/build/intermediates/merged_res/debug/mergeDebugResources/drawable-ldpi_left_arrow_card.png.flat
Compiling image file /Users/sabatoiaquino/Documents/Progetto-di-HCI/platform/source/app/build/generated/res/pngs/debug/drawable-xxhdpi/left_arrow.png
Compiling file /Users/sabatoiaquino/Documents/Progetto-di-HCI/platform/source/app/build/generated/res/pngs/debug/drawable-xxhdpi/left_arrow.png to /Users/sabatoiaquino/Documents/Progetto-di-HCI/platform/source/app/build/intermediates/merged_res/debug/mergeDebugResources/drawable-xxhdpi_left_arrow.png.flat
Compiling file /Users/sabatoiaquino/Documents/Progetto-di-HCI/platform/source/app/src/main/res/drawable/scavi_di_pompei_primary.jpg to /Users/sabatoiaquino/Documents/Progetto-di-HCI/platform/source/app/build/intermediates/merged_res/debug/mergeDebugResources/drawable_scavi_di_pompei_primary.jpg.flat
Compiling file /Users/sabatoiaquino/Documents/Progetto-di-HCI/platform/source/app/src/main/res/drawable/complesso_monumentale_di_santa_chiara_description.jpg to /Users/sabatoiaquino/Documents/Progetto-di-HCI/platform/source/app/build/intermediates/merged_res/debug/mergeDebugResources/drawable_complesso_monumentale_di_santa_chiara_description.jpg.flat
Compiling file /Users/sabatoiaquino/Documents/Progetto-di-HCI/platform/source/app/src/main/res/mipmap-hdpi/ic_launcher.webp to /Users/sabatoiaquino/Documents/Progetto-di-HCI/platform/source/app/build/intermediates/merged_res/debug/mergeDebugResources/mipmap-hdpi_ic_launcher.webp.flat
Compiling file /Users/sabatoiaquino/Documents/Progetto-di-HCI/platform/source/app/src/main/res/drawable/santuario_di_montevergine_curiosity1.jpg to /Users/sabatoiaquino/Documents/Progetto-di-HCI/platform/source/app/build/intermediates/merged_res/debug/mergeDebugResources/drawable_santuario_di_montevergine_curiosity1.jpg.flat
Compiling XML table /Users/sabatoiaquino/Documents/Progetto-di-HCI/platform/source/app/build/intermediates/incremental/debug/mergeDebugResources/merged.dir/values-xlarge-v4/values-xlarge-v4.xml to /Users/sabatoiaquino/Documents/Progetto-di-HCI/platform/source/app/build/intermediates/merged_res/debug/mergeDebugResources/values-xlarge-v4_values-xlarge-v4.arsc.flat
Compiling file /Users/sabatoiaquino/Documents/Progetto-di-HCI/platform/source/app/src/main/res/drawable/cattedrale_di_san_matteo_primary.jpg to /Users/sabatoiaquino/Documents/Progetto-di-HCI/platform/source/app/build/intermediates/merged_res/debug/mergeDebugResources/drawable_cattedrale_di_san_matteo_primary.jpg.flat
Compiling file /Users/sabatoiaquino/Documents/Progetto-di-HCI/platform/source/app/src/main/res/drawable/museo_archeologico_nazionale_di_napoli_curiosity2.jpg to /Users/sabatoiaquino/Documents/Progetto-di-HCI/platform/source/app/build/intermediates/merged_res/debug/mergeDebugResources/drawable_museo_archeologico_nazionale_di_napoli_curiosity2.jpg.flat
Compiling file /Users/sabatoiaquino/Documents/Progetto-di-HCI/platform/source/app/src/main/res/drawable/museo_irpino_curiosity2.jpg to /Users/sabatoiaquino/Documents/Progetto-di-HCI/platform/source/app/build/intermediates/merged_res/debug/mergeDebugResources/drawable_museo_irpino_curiosity2.jpg.flat
Compiling xml file /Users/sabatoiaquino/Documents/Progetto-di-HCI/platform/source/app/build/generated/res/pngs/debug/drawable-anydpi-v24/left_arrow_card.xml to /Users/sabatoiaquino/Documents/Progetto-di-HCI/platform/source/app/build/intermediates/merged_res/debug/mergeDebugResources/drawable-anydpi-v24_left_arrow_card.xml.flat
Compiling file /Users/sabatoiaquino/Documents/Progetto-di-HCI/platform/source/app/src/main/res/drawable/museo_archeologico_nazionale_di_napoli_description.jpg to /Users/sabatoiaquino/Documents/Progetto-di-HCI/platform/source/app/build/intermediates/merged_res/debug/mergeDebugResources/drawable_museo_archeologico_nazionale_di_napoli_description.jpg.flat
Compiling file /Users/sabatoiaquino/Documents/Progetto-di-HCI/platform/source/app/src/main/res/drawable/castello_di_arechi_curiosity2.jpg to /Users/sabatoiaquino/Documents/Progetto-di-HCI/platform/source/app/build/intermediates/merged_res/debug/mergeDebugResources/drawable_castello_di_arechi_curiosity2.jpg.flat
Compiling file /Users/sabatoiaquino/Documents/Progetto-di-HCI/platform/source/app/src/main/res/drawable/reggia_di_caserta_description.jpg to /Users/sabatoiaquino/Documents/Progetto-di-HCI/platform/source/app/build/intermediates/merged_res/debug/mergeDebugResources/drawable_reggia_di_caserta_description.jpg.flat
Compiling file /Users/sabatoiaquino/Documents/Progetto-di-HCI/platform/source/app/src/main/res/drawable/anfiteatro_campano_primary.jpg to /Users/sabatoiaquino/Documents/Progetto-di-HCI/platform/source/app/build/intermediates/merged_res/debug/mergeDebugResources/drawable_anfiteatro_campano_primary.jpg.flat
Compiling xml file /Users/sabatoiaquino/Documents/Progetto-di-HCI/platform/source/app/src/main/res/drawable/cart.xml to /Users/sabatoiaquino/Documents/Progetto-di-HCI/platform/source/app/build/intermediates/merged_res/debug/mergeDebugResources/drawable_cart.xml.flat
Compiling XML table /Users/sabatoiaquino/Documents/Progetto-di-HCI/platform/source/app/build/intermediates/incremental/debug/mergeDebugResources/merged.dir/values-mr/values-mr.xml to /Users/sabatoiaquino/Documents/Progetto-di-HCI/platform/source/app/build/intermediates/merged_res/debug/mergeDebugResources/values-mr_values-mr.arsc.flat
Compiling file /Users/sabatoiaquino/Documents/Progetto-di-HCI/platform/source/app/src/main/res/drawable/museo_campano_di_capua_description.jpg to /Users/sabatoiaquino/Documents/Progetto-di-HCI/platform/source/app/build/intermediates/merged_res/debug/mergeDebugResources/drawable_museo_campano_di_capua_description.jpg.flat
Compiling file /Users/sabatoiaquino/Documents/Progetto-di-HCI/platform/source/app/src/main/res/drawable/duomo_di_casertavecchia_primary.jpg to /Users/sabatoiaquino/Documents/Progetto-di-HCI/platform/source/app/build/intermediates/merged_res/debug/mergeDebugResources/drawable_duomo_di_casertavecchia_primary.jpg.flat
Compiling image file /Users/sabatoiaquino/Documents/Progetto-di-HCI/platform/source/app/build/generated/res/pngs/debug/drawable-mdpi/left_arrow_card.png
Compiling file /Users/sabatoiaquino/Documents/Progetto-di-HCI/platform/source/app/build/generated/res/pngs/debug/drawable-mdpi/left_arrow_card.png to /Users/sabatoiaquino/Documents/Progetto-di-HCI/platform/source/app/build/intermediates/merged_res/debug/mergeDebugResources/drawable-mdpi_left_arrow_card.png.flat
Compiling xml file /Users/sabatoiaquino/Documents/Progetto-di-HCI/platform/source/app/src/main/res/drawable/opening_times.xml to /Users/sabatoiaquino/Documents/Progetto-di-HCI/platform/source/app/build/intermediates/merged_res/debug/mergeDebugResources/drawable_opening_times.xml.flat
Compiling file /Users/sabatoiaquino/Documents/Progetto-di-HCI/platform/source/app/src/main/res/mipmap-xxhdpi/ic_launcher.webp to /Users/sabatoiaquino/Documents/Progetto-di-HCI/platform/source/app/build/intermediates/merged_res/debug/mergeDebugResources/mipmap-xxhdpi_ic_launcher.webp.flat
Compiling file /Users/sabatoiaquino/Documents/Progetto-di-HCI/platform/source/app/src/main/res/drawable/pepe_in_grani_curiosity1.jpg to /Users/sabatoiaquino/Documents/Progetto-di-HCI/platform/source/app/build/intermediates/merged_res/debug/mergeDebugResources/drawable_pepe_in_grani_curiosity1.jpg.flat
Compiling image file /Users/sabatoiaquino/Documents/Progetto-di-HCI/platform/source/app/build/generated/res/pngs/debug/drawable-ldpi/right_arrow_card.png
Compiling file /Users/sabatoiaquino/Documents/Progetto-di-HCI/platform/source/app/build/generated/res/pngs/debug/drawable-ldpi/right_arrow_card.png to /Users/sabatoiaquino/Documents/Progetto-di-HCI/platform/source/app/build/intermediates/merged_res/debug/mergeDebugResources/drawable-ldpi_right_arrow_card.png.flat
Compiling file /Users/sabatoiaquino/Documents/Progetto-di-HCI/platform/source/app/src/main/res/drawable/parco_archeologico_di_aeclanum_curiosity2.jpg to /Users/sabatoiaquino/Documents/Progetto-di-HCI/platform/source/app/build/intermediates/merged_res/debug/mergeDebugResources/drawable_parco_archeologico_di_aeclanum_curiosity2.jpg.flat
Compiling xml file /Users/sabatoiaquino/Documents/Progetto-di-HCI/platform/source/app/src/main/res/drawable/explore.xml to /Users/sabatoiaquino/Documents/Progetto-di-HCI/platform/source/app/build/intermediates/merged_res/debug/mergeDebugResources/drawable_explore.xml.flat
Compiling file /Users/sabatoiaquino/Documents/Progetto-di-HCI/platform/source/app/src/main/res/drawable/complesso_monumentale_di_santa_chiara_curiosity1.jpg to /Users/sabatoiaquino/Documents/Progetto-di-HCI/platform/source/app/build/intermediates/merged_res/debug/mergeDebugResources/drawable_complesso_monumentale_di_santa_chiara_curiosity1.jpg.flat
Compiling xml file /Users/sabatoiaquino/Documents/Progetto-di-HCI/platform/source/app/src/main/res/drawable/ic_launcher_background.xml to /Users/sabatoiaquino/Documents/Progetto-di-HCI/platform/source/app/build/intermediates/merged_res/debug/mergeDebugResources/drawable_ic_launcher_background.xml.flat
Compiling image file /Users/sabatoiaquino/Documents/Progetto-di-HCI/platform/source/app/build/generated/res/pngs/debug/drawable-ldpi/profile.png
Compiling file /Users/sabatoiaquino/Documents/Progetto-di-HCI/platform/source/app/build/generated/res/pngs/debug/drawable-ldpi/profile.png to /Users/sabatoiaquino/Documents/Progetto-di-HCI/platform/source/app/build/intermediates/merged_res/debug/mergeDebugResources/drawable-ldpi_profile.png.flat
Compiling xml file /Users/sabatoiaquino/Documents/Progetto-di-HCI/platform/source/app/src/main/res/mipmap-anydpi-v26/ic_launcher.xml to /Users/sabatoiaquino/Documents/Progetto-di-HCI/platform/source/app/build/intermediates/merged_res/debug/mergeDebugResources/mipmap-anydpi-v26_ic_launcher.xml.flat
Compiling image file /Users/sabatoiaquino/Documents/Progetto-di-HCI/platform/source/app/src/main/res/drawable/chiesa_di_santa_sofia_curiosity1.png
Compiling file /Users/sabatoiaquino/Documents/Progetto-di-HCI/platform/source/app/src/main/res/drawable/chiesa_di_santa_sofia_curiosity1.png to /Users/sabatoiaquino/Documents/Progetto-di-HCI/platform/source/app/build/intermediates/merged_res/debug/mergeDebugResources/drawable_chiesa_di_santa_sofia_curiosity1.png.flat
Compiling file /Users/sabatoiaquino/Documents/Progetto-di-HCI/platform/source/app/src/main/res/drawable/parco_archeologico_di_paestum_description.jpg to /Users/sabatoiaquino/Documents/Progetto-di-HCI/platform/source/app/build/intermediates/merged_res/debug/mergeDebugResources/drawable_parco_archeologico_di_paestum_description.jpg.flat
Compiling file /Users/sabatoiaquino/Documents/Progetto-di-HCI/platform/source/app/src/main/res/drawable/parco_archeologico_di_paestum_primary.jpg to /Users/sabatoiaquino/Documents/Progetto-di-HCI/platform/source/app/build/intermediates/merged_res/debug/mergeDebugResources/drawable_parco_archeologico_di_paestum_primary.jpg.flat
Compiling XML table /Users/sabatoiaquino/Documents/Progetto-di-HCI/platform/source/app/build/intermediates/incremental/debug/mergeDebugResources/merged.dir/values-fi/values-fi.xml to /Users/sabatoiaquino/Documents/Progetto-di-HCI/platform/source/app/build/intermediates/merged_res/debug/mergeDebugResources/values-fi_values-fi.arsc.flat
Compiling file /Users/sabatoiaquino/Documents/Progetto-di-HCI/platform/source/app/src/main/res/drawable/reggia_di_caserta_primary.jpg to /Users/sabatoiaquino/Documents/Progetto-di-HCI/platform/source/app/build/intermediates/merged_res/debug/mergeDebugResources/drawable_reggia_di_caserta_primary.jpg.flat
Compiling file /Users/sabatoiaquino/Documents/Progetto-di-HCI/platform/source/app/src/main/res/drawable/chiesa_di_santa_sofia_primary.jpg to /Users/sabatoiaquino/Documents/Progetto-di-HCI/platform/source/app/build/intermediates/merged_res/debug/mergeDebugResources/drawable_chiesa_di_santa_sofia_primary.jpg.flat
Compiling file /Users/sabatoiaquino/Documents/Progetto-di-HCI/platform/source/app/src/main/res/drawable/museo_irpino_description.jpg to /Users/sabatoiaquino/Documents/Progetto-di-HCI/platform/source/app/build/intermediates/merged_res/debug/mergeDebugResources/drawable_museo_irpino_description.jpg.flat
Compiling file /Users/sabatoiaquino/Documents/Progetto-di-HCI/platform/source/app/src/main/res/mipmap-hdpi/ic_launcher_foreground.webp to /Users/sabatoiaquino/Documents/Progetto-di-HCI/platform/source/app/build/intermediates/merged_res/debug/mergeDebugResources/mipmap-hdpi_ic_launcher_foreground.webp.flat
Compiling file /Users/sabatoiaquino/Documents/Progetto-di-HCI/platform/source/app/src/main/res/mipmap-xxxhdpi/ic_launcher.webp to /Users/sabatoiaquino/Documents/Progetto-di-HCI/platform/source/app/build/intermediates/merged_res/debug/mergeDebugResources/mipmap-xxxhdpi_ic_launcher.webp.flat
Compiling file /Users/sabatoiaquino/Documents/Progetto-di-HCI/platform/source/app/src/main/res/drawable/parco_archeologico_di_aeclanum_curiosity1.jpg to /Users/sabatoiaquino/Documents/Progetto-di-HCI/platform/source/app/build/intermediates/merged_res/debug/mergeDebugResources/drawable_parco_archeologico_di_aeclanum_curiosity1.jpg.flat
Compiling file /Users/sabatoiaquino/Documents/Progetto-di-HCI/platform/source/app/src/main/res/mipmap-xhdpi/ic_launcher_round.webp to /Users/sabatoiaquino/Documents/Progetto-di-HCI/platform/source/app/build/intermediates/merged_res/debug/mergeDebugResources/mipmap-xhdpi_ic_launcher_round.webp.flat
Compiling file /Users/sabatoiaquino/Documents/Progetto-di-HCI/platform/source/app/src/main/res/drawable/fabbrica_alberti_liquore_strega_curiosity2.jpg to /Users/sabatoiaquino/Documents/Progetto-di-HCI/platform/source/app/build/intermediates/merged_res/debug/mergeDebugResources/drawable_fabbrica_alberti_liquore_strega_curiosity2.jpg.flat
Compiling image file /Users/sabatoiaquino/Documents/Progetto-di-HCI/platform/source/app/build/generated/res/pngs/debug/drawable-mdpi/left_arrow.png
Compiling xml file /Users/sabatoiaquino/Documents/Progetto-di-HCI/platform/source/app/src/main/res/mipmap-anydpi-v26/ic_launcher_round.xml to /Users/sabatoiaquino/Documents/Progetto-di-HCI/platform/source/app/build/intermediates/merged_res/debug/mergeDebugResources/mipmap-anydpi-v26_ic_launcher_round.xml.flat
Compiling file /Users/sabatoiaquino/Documents/Progetto-di-HCI/platform/source/app/build/generated/res/pngs/debug/drawable-mdpi/left_arrow.png to /Users/sabatoiaquino/Documents/Progetto-di-HCI/platform/source/app/build/intermediates/merged_res/debug/mergeDebugResources/drawable-mdpi_left_arrow.png.flat
Compiling file /Users/sabatoiaquino/Documents/Progetto-di-HCI/platform/source/app/src/main/res/drawable/cantine_mastroberardino_description.jpg to /Users/sabatoiaquino/Documents/Progetto-di-HCI/platform/source/app/build/intermediates/merged_res/debug/mergeDebugResources/drawable_cantine_mastroberardino_description.jpg.flat
Compiling file /Users/sabatoiaquino/Documents/Progetto-di-HCI/platform/source/app/src/main/res/drawable/castel_dell_ovo_primary.jpg to /Users/sabatoiaquino/Documents/Progetto-di-HCI/platform/source/app/build/intermediates/merged_res/debug/mergeDebugResources/drawable_castel_dell_ovo_primary.jpg.flat
Compiling image file /Users/sabatoiaquino/Documents/Progetto-di-HCI/platform/source/app/build/generated/res/pngs/debug/drawable-xxxhdpi/left_arrow_card.png
Compiling file /Users/sabatoiaquino/Documents/Progetto-di-HCI/platform/source/app/build/generated/res/pngs/debug/drawable-xxxhdpi/left_arrow_card.png to /Users/sabatoiaquino/Documents/Progetto-di-HCI/platform/source/app/build/intermediates/merged_res/debug/mergeDebugResources/drawable-xxxhdpi_left_arrow_card.png.flat
Compiling file /Users/sabatoiaquino/Documents/Progetto-di-HCI/platform/source/app/src/main/res/mipmap-xhdpi/ic_launcher.webp to /Users/sabatoiaquino/Documents/Progetto-di-HCI/platform/source/app/build/intermediates/merged_res/debug/mergeDebugResources/mipmap-xhdpi_ic_launcher.webp.flat
Compiling file /Users/sabatoiaquino/Documents/Progetto-di-HCI/platform/source/app/src/main/res/drawable/complesso_monumentale_di_santa_chiara_primary.jpg to /Users/sabatoiaquino/Documents/Progetto-di-HCI/platform/source/app/build/intermediates/merged_res/debug/mergeDebugResources/drawable_complesso_monumentale_di_santa_chiara_primary.jpg.flat
Compiling file /Users/sabatoiaquino/Documents/Progetto-di-HCI/platform/source/app/src/main/res/drawable/anfiteatro_campano_curiosity2.jpg to /Users/sabatoiaquino/Documents/Progetto-di-HCI/platform/source/app/build/intermediates/merged_res/debug/mergeDebugResources/drawable_anfiteatro_campano_curiosity2.jpg.flat
Compiling file /Users/sabatoiaquino/Documents/Progetto-di-HCI/platform/source/app/src/main/res/drawable/parco_archeologico_di_aeclanum_description.jpg to /Users/sabatoiaquino/Documents/Progetto-di-HCI/platform/source/app/build/intermediates/merged_res/debug/mergeDebugResources/drawable_parco_archeologico_di_aeclanum_description.jpg.flat
Compiling xml file /Users/sabatoiaquino/Documents/Progetto-di-HCI/platform/source/app/src/main/res/drawable/architecture_position.xml to /Users/sabatoiaquino/Documents/Progetto-di-HCI/platform/source/app/build/intermediates/merged_res/debug/mergeDebugResources/drawable_architecture_position.xml.flat
Compiling file /Users/sabatoiaquino/Documents/Progetto-di-HCI/platform/source/app/src/main/res/drawable/fabbrica_alberti_liquore_strega_curiosity1.jpg to /Users/sabatoiaquino/Documents/Progetto-di-HCI/platform/source/app/build/intermediates/merged_res/debug/mergeDebugResources/drawable_fabbrica_alberti_liquore_strega_curiosity1.jpg.flat
Compiling file /Users/sabatoiaquino/Documents/Progetto-di-HCI/platform/source/app/src/main/res/drawable/anfiteatro_campano_description.jpg to /Users/sabatoiaquino/Documents/Progetto-di-HCI/platform/source/app/build/intermediates/merged_res/debug/mergeDebugResources/drawable_anfiteatro_campano_description.jpg.flat
Compiling xml file /Users/sabatoiaquino/Documents/Progetto-di-HCI/platform/source/app/src/main/res/drawable/books.xml to /Users/sabatoiaquino/Documents/Progetto-di-HCI/platform/source/app/build/intermediates/merged_res/debug/mergeDebugResources/drawable_books.xml.flat
Compiling xml file /Users/sabatoiaquino/Documents/Progetto-di-HCI/platform/source/app/build/generated/res/pngs/debug/drawable-anydpi-v24/right_arrow_card.xml to /Users/sabatoiaquino/Documents/Progetto-di-HCI/platform/source/app/build/intermediates/merged_res/debug/mergeDebugResources/drawable-anydpi-v24_right_arrow_card.xml.flat
Compiling file /Users/sabatoiaquino/Documents/Progetto-di-HCI/platform/source/app/src/main/res/drawable/castello_di_gesualdo_primary.jpg to /Users/sabatoiaquino/Documents/Progetto-di-HCI/platform/source/app/build/intermediates/merged_res/debug/mergeDebugResources/drawable_castello_di_gesualdo_primary.jpg.flat
Compiling file /Users/sabatoiaquino/Documents/Progetto-di-HCI/platform/source/app/src/main/res/drawable/borgo_marinaro_di_cetara_description.jpg to /Users/sabatoiaquino/Documents/Progetto-di-HCI/platform/source/app/build/intermediates/merged_res/debug/mergeDebugResources/drawable_borgo_marinaro_di_cetara_description.jpg.flat
Compiling file /Users/sabatoiaquino/Documents/Progetto-di-HCI/platform/source/app/src/main/res/drawable/parco_archeologico_di_paestum_curiosity1.jpg to /Users/sabatoiaquino/Documents/Progetto-di-HCI/platform/source/app/build/intermediates/merged_res/debug/mergeDebugResources/drawable_parco_archeologico_di_paestum_curiosity1.jpg.flat
Compiling xml file /Users/sabatoiaquino/Documents/Progetto-di-HCI/platform/source/app/src/main/res/drawable/information.xml to /Users/sabatoiaquino/Documents/Progetto-di-HCI/platform/source/app/build/intermediates/merged_res/debug/mergeDebugResources/drawable_information.xml.flat
Compiling file /Users/sabatoiaquino/Documents/Progetto-di-HCI/platform/source/app/src/main/res/mipmap-mdpi/ic_launcher_foreground.webp to /Users/sabatoiaquino/Documents/Progetto-di-HCI/platform/source/app/build/intermediates/merged_res/debug/mergeDebugResources/mipmap-mdpi_ic_launcher_foreground.webp.flat
Compiling file /Users/sabatoiaquino/Documents/Progetto-di-HCI/platform/source/app/src/main/res/drawable/antica_pizzeria_da_michele_primary.jpg to /Users/sabatoiaquino/Documents/Progetto-di-HCI/platform/source/app/build/intermediates/merged_res/debug/mergeDebugResources/drawable_antica_pizzeria_da_michele_primary.jpg.flat
Compiling file /Users/sabatoiaquino/Documents/Progetto-di-HCI/platform/source/app/src/main/res/mipmap-xxxhdpi/ic_launcher_round.webp to /Users/sabatoiaquino/Documents/Progetto-di-HCI/platform/source/app/build/intermediates/merged_res/debug/mergeDebugResources/mipmap-xxxhdpi_ic_launcher_round.webp.flat
Compiling file /Users/sabatoiaquino/Documents/Progetto-di-HCI/platform/source/app/src/main/res/drawable/cattedrale_di_san_matteo_description.jpg to /Users/sabatoiaquino/Documents/Progetto-di-HCI/platform/source/app/build/intermediates/merged_res/debug/mergeDebugResources/drawable_cattedrale_di_san_matteo_description.jpg.flat
Compiling file /Users/sabatoiaquino/Documents/Progetto-di-HCI/platform/source/app/src/main/res/drawable/scavi_di_pompei_description.jpg to /Users/sabatoiaquino/Documents/Progetto-di-HCI/platform/source/app/build/intermediates/merged_res/debug/mergeDebugResources/drawable_scavi_di_pompei_description.jpg.flat
Compiling image file /Users/sabatoiaquino/Documents/Progetto-di-HCI/platform/source/app/build/generated/res/pngs/debug/drawable-ldpi/left_arrow.png
Compiling file /Users/sabatoiaquino/Documents/Progetto-di-HCI/platform/source/app/build/generated/res/pngs/debug/drawable-ldpi/left_arrow.png to /Users/sabatoiaquino/Documents/Progetto-di-HCI/platform/source/app/build/intermediates/merged_res/debug/mergeDebugResources/drawable-ldpi_left_arrow.png.flat
Compiling file /Users/sabatoiaquino/Documents/Progetto-di-HCI/platform/source/app/src/main/res/drawable/museo_archeologico_nazionale_di_napoli_primary.jpg to /Users/sabatoiaquino/Documents/Progetto-di-HCI/platform/source/app/build/intermediates/merged_res/debug/mergeDebugResources/drawable_museo_archeologico_nazionale_di_napoli_primary.jpg.flat
Compiling xml file /Users/sabatoiaquino/Documents/Progetto-di-HCI/platform/source/app/src/main/res/drawable/search.xml to /Users/sabatoiaquino/Documents/Progetto-di-HCI/platform/source/app/build/intermediates/merged_res/debug/mergeDebugResources/drawable_search.xml.flat
Compiling xml file /Users/sabatoiaquino/Documents/Progetto-di-HCI/platform/source/app/src/main/res/drawable/wheelchair.xml to /Users/sabatoiaquino/Documents/Progetto-di-HCI/platform/source/app/build/intermediates/merged_res/debug/mergeDebugResources/drawable_wheelchair.xml.flat
Compiling xml file /Users/sabatoiaquino/Documents/Progetto-di-HCI/platform/source/app/src/main/res/drawable/deaf.xml to /Users/sabatoiaquino/Documents/Progetto-di-HCI/platform/source/app/build/intermediates/merged_res/debug/mergeDebugResources/drawable_deaf.xml.flat
Resolve mutations for :app:createDebugCompatibleScreenManifests (Thread[Execution worker Thread 11,5,main]) started.
:app:createDebugCompatibleScreenManifests (Thread[Execution worker Thread 11,5,main]) started.

> Task :app:createDebugCompatibleScreenManifests
Caching disabled for task ':app:createDebugCompatibleScreenManifests' because:
  Build cache is disabled
  Caching has been disabled for the task
Task ':app:createDebugCompatibleScreenManifests' is not up-to-date because:
  Output property 'outputFolder' file /Users/sabatoiaquino/Documents/Progetto-di-HCI/platform/source/app/build/intermediates/compatible_screen_manifest/debug/createDebugCompatibleScreenManifests has been removed.
  Output property 'outputFolder' file /Users/sabatoiaquino/Documents/Progetto-di-HCI/platform/source/app/build/intermediates/compatible_screen_manifest/debug/createDebugCompatibleScreenManifests/output-metadata.json has been removed.
Resolve mutations for :app:extractDeepLinksDebug (Thread[Execution worker Thread 11,5,main]) started.
:app:extractDeepLinksDebug (Thread[Execution worker Thread 14,5,main]) started.

> Task :app:extractDeepLinksDebug
Caching disabled for task ':app:extractDeepLinksDebug' because:
  Build cache is disabled
Task ':app:extractDeepLinksDebug' is not up-to-date because:
  Output property 'navigationJson' file /Users/sabatoiaquino/Documents/Progetto-di-HCI/platform/source/app/build/intermediates/navigation_json/debug/extractDeepLinksDebug/navigation.json has been removed.
Resolve mutations for :app:processDebugMainManifest (Thread[Execution worker Thread 14,5,main]) started.
:app:processDebugMainManifest (Thread[Execution worker Thread 14,5,main]) started.

> Task :app:parseDebugLocalResources
Caching disabled for task ':app:parseDebugLocalResources' because:
  Build cache is disabled
Task ':app:parseDebugLocalResources' is not up-to-date because:
  Output property 'librarySymbolsFile' file /Users/sabatoiaquino/Documents/Progetto-di-HCI/platform/source/app/build/intermediates/local_only_symbol_list/debug/parseDebugLocalResources/R-def.txt has been removed.
The input changes require a full rebuild for incremental task ':app:parseDebugLocalResources'.

> Task :app:processDebugMainManifest
Caching disabled for task ':app:processDebugMainManifest' because:
  Build cache is disabled
Task ':app:processDebugMainManifest' is not up-to-date because:
  Value of input property 'optionalFeatures' has changed for task ':app:processDebugMainManifest'
Loading library manifest /Users/sabatoiaquino/.gradle/caches/8.13/transforms/2644ebc440802694dcae4b93667fd942/transformed/translate-17.0.3/AndroidManifest.xml
Loading library manifest /Users/sabatoiaquino/.gradle/caches/8.13/transforms/83a530e04338c9b0423363c4536c8a24/transformed/play-services-location-21.2.0/AndroidManifest.xml
Loading library manifest /Users/sabatoiaquino/.gradle/caches/8.13/transforms/9fc09e35069949c672c4f1f09e34fa4d/transformed/common-18.11.0/AndroidManifest.xml
Loading library manifest /Users/sabatoiaquino/.gradle/caches/8.13/transforms/0b35277cb0546889a9fc2ee2d48f044c/transformed/play-services-base-18.5.0/AndroidManifest.xml
Loading library manifest /Users/sabatoiaquino/.gradle/caches/8.13/transforms/def0ebf50d640b4f9f69c11bbaf6d3a0/transformed/material3-adaptive-navigation-suite-release/AndroidManifest.xml
Loading library manifest /Users/sabatoiaquino/.gradle/caches/8.13/transforms/ae34f4ba8af484c2c3e7cbe3a966ba43/transformed/material3-release/AndroidManifest.xml
Loading library manifest /Users/sabatoiaquino/.gradle/caches/8.13/transforms/d55291685b4ca47ed18554e08a57a6d9/transformed/material-release/AndroidManifest.xml
Loading library manifest /Users/sabatoiaquino/.gradle/caches/8.13/transforms/9390e3c3ff6a8083f733a3b34f04e0b0/transformed/material-ripple-release/AndroidManifest.xml
Loading library manifest /Users/sabatoiaquino/.gradle/caches/8.13/transforms/8199d9b33a461938d3da89fa7c281f2f/transformed/adaptive-release/AndroidManifest.xml
Loading library manifest /Users/sabatoiaquino/.gradle/caches/8.13/transforms/9beacd3ce1cdfc4583c4c1efed87254a/transformed/foundation-release/AndroidManifest.xml
Loading library manifest /Users/sabatoiaquino/.gradle/caches/8.13/transforms/08d7617001faab1387acf70f842846da/transformed/animation-release/AndroidManifest.xml
Loading library manifest /Users/sabatoiaquino/.gradle/caches/8.13/transforms/40d60f4015bd1ca8b3fa1fb6fc3e5f6a/transformed/foundation-layout-release/AndroidManifest.xml
Loading library manifest /Users/sabatoiaquino/.gradle/caches/8.13/transforms/5a3107c5f21741935d8993580af1a6e8/transformed/animation-core-release/AndroidManifest.xml
Loading library manifest /Users/sabatoiaquino/.gradle/caches/8.13/transforms/c3e0ca9114c3fb97655ecd841c680a08/transformed/ui-tooling-data-release/AndroidManifest.xml
Loading library manifest /Users/sabatoiaquino/.gradle/caches/8.13/transforms/24d116a06a74cb72da84a7c08fdcc345/transformed/ui-unit-release/AndroidManifest.xml
Loading library manifest /Users/sabatoiaquino/.gradle/caches/8.13/transforms/1e64acff94fd40bbd8ca24035fdeae33/transformed/ui-geometry-release/AndroidManifest.xml
Loading library manifest /Users/sabatoiaquino/.gradle/caches/8.13/transforms/957f1779f809dc9f18f15ba503e2abc0/transformed/ui-util-release/AndroidManifest.xml
Loading library manifest /Users/sabatoiaquino/.gradle/caches/8.13/transforms/8eca9f1f89845ccac3a473eccb1a5222/transformed/ui-text-release/AndroidManifest.xml
Loading library manifest /Users/sabatoiaquino/.gradle/caches/8.13/transforms/6f0ad31854791e88db55c06189124a93/transformed/ui-tooling-preview-release/AndroidManifest.xml
Loading library manifest /Users/sabatoiaquino/.gradle/caches/8.13/transforms/c2a584231834debbf0b6b6592ef8f382/transformed/ui-tooling-release/AndroidManifest.xml
Loading library manifest /Users/sabatoiaquino/.gradle/caches/8.13/transforms/993e8b4b1297a08d8b00510a0b349a28/transformed/ui-graphics-release/AndroidManifest.xml
Loading library manifest /Users/sabatoiaquino/.gradle/caches/8.13/transforms/7decc2346d1b4444bd7d2e97aaf28e6e/transformed/material-icons-core-release/AndroidManifest.xml
Loading library manifest /Users/sabatoiaquino/.gradle/caches/8.13/transforms/b3930dc8f94c6dd0a442ef8e254c6005/transformed/ui-release/AndroidManifest.xml
Loading library manifest /Users/sabatoiaquino/.gradle/caches/8.13/transforms/666ba1e720b55cf6b48d18ee46f4455c/transformed/ui-test-manifest-1.7.0/AndroidManifest.xml
Loading library manifest /Users/sabatoiaquino/.gradle/caches/8.13/transforms/2df4b4d11f7a11e6fdf07648b1c76b48/transformed/appcompat-resources-1.6.1/AndroidManifest.xml
Loading library manifest /Users/sabatoiaquino/.gradle/caches/8.13/transforms/853cacc849b2a2540864c2f9f2c1200a/transformed/appcompat-1.6.1/AndroidManifest.xml
Loading library manifest /Users/sabatoiaquino/.gradle/caches/8.13/transforms/c21a5bda5024d02f296687f7dd7b8217/transformed/fragment-1.3.6/AndroidManifest.xml
Loading library manifest /Users/sabatoiaquino/.gradle/caches/8.13/transforms/77904617dc26d78022df4aaaa3800273/transformed/activity-1.9.3/AndroidManifest.xml
Loading library manifest /Users/sabatoiaquino/.gradle/caches/8.13/transforms/114545931faa3c0e952cedc4107c5ef7/transformed/activity-compose-1.9.3/AndroidManifest.xml
Loading library manifest /Users/sabatoiaquino/.gradle/caches/8.13/transforms/0b6d2d99404b3c12d0311c3308caf37d/transformed/activity-ktx-1.9.3/AndroidManifest.xml
Loading library manifest /Users/sabatoiaquino/.gradle/caches/8.13/transforms/9ab2824a215762e55f2fc8a341a62a77/transformed/savedstate-ktx-1.2.1/AndroidManifest.xml
Loading library manifest /Users/sabatoiaquino/.gradle/caches/8.13/transforms/88406ea5a35c520ebd19199e9616cbdc/transformed/savedstate-1.2.1/AndroidManifest.xml
Loading library manifest /Users/sabatoiaquino/.gradle/caches/8.13/transforms/2f3c2a1f5fc5e1291dc9dab370686966/transformed/loader-1.0.0/AndroidManifest.xml
Loading library manifest /Users/sabatoiaquino/.gradle/caches/8.13/transforms/61eb98b5f53d324ccbb800f5e9dd8535/transformed/emoji2-views-helper-1.3.0/AndroidManifest.xml
Loading library manifest /Users/sabatoiaquino/.gradle/caches/8.13/transforms/c4dbf0d9b5b5eb1f5d79a88d630bd211/transformed/emoji2-1.3.0/AndroidManifest.xml
Loading library manifest /Users/sabatoiaquino/.gradle/caches/8.13/transforms/670a19e45fdf5585f656af86562527bb/transformed/lifecycle-livedata-core-ktx-2.8.6/AndroidManifest.xml
Loading library manifest /Users/sabatoiaquino/.gradle/caches/8.13/transforms/4a885b3024b1bea7cf296902034b1cd0/transformed/lifecycle-process-2.8.6/AndroidManifest.xml
Loading library manifest /Users/sabatoiaquino/.gradle/caches/8.13/transforms/9ff6876064c1ce780544df3e319f96b6/transformed/lifecycle-livedata-2.8.6/AndroidManifest.xml
Loading library manifest /Users/sabatoiaquino/.gradle/caches/8.13/transforms/5e380e61e4de4cfc64d0077619182534/transformed/lifecycle-runtime-compose-release/AndroidManifest.xml
Loading library manifest /Users/sabatoiaquino/.gradle/caches/8.13/transforms/b93d082c69aee99db04411ba39a6422d/transformed/lifecycle-livedata-core-2.8.6/AndroidManifest.xml
Loading library manifest /Users/sabatoiaquino/.gradle/caches/8.13/transforms/b563b9d6a83dd08a92b1f9d7c4936ea5/transformed/lifecycle-viewmodel-savedstate-2.8.6/AndroidManifest.xml
Loading library manifest /Users/sabatoiaquino/.gradle/caches/8.13/transforms/c87d604e25e5f3f202224f834a55de9a/transformed/lifecycle-viewmodel-2.8.6/AndroidManifest.xml
Loading library manifest /Users/sabatoiaquino/.gradle/caches/8.13/transforms/57771524891b19d17474a8ddc2d795e8/transformed/lifecycle-viewmodel-release/AndroidManifest.xml
Loading library manifest /Users/sabatoiaquino/.gradle/caches/8.13/transforms/b4454252595d20b4dee0401aa3f1fa38/transformed/lifecycle-runtime-release/AndroidManifest.xml
Loading library manifest /Users/sabatoiaquino/.gradle/caches/8.13/transforms/875652bc5695af72cdcb9a26b6dbaa18/transformed/lifecycle-viewmodel-ktx-2.8.6/AndroidManifest.xml
Loading library manifest /Users/sabatoiaquino/.gradle/caches/8.13/transforms/43e25122b5c92a07a5d7611f8071744e/transformed/lifecycle-runtime-ktx-release/AndroidManifest.xml
Loading library manifest /Users/sabatoiaquino/.gradle/caches/8.13/transforms/517e882ce87f796fa85f5bb5faf68b48/transformed/window-core-release/AndroidManifest.xml
Loading library manifest /Users/sabatoiaquino/.gradle/caches/8.13/transforms/78024a6f6e1e8f604e56b54e5ce38c20/transformed/window-1.3.0/AndroidManifest.xml
Loading library manifest /Users/sabatoiaquino/.gradle/caches/8.13/transforms/6641828991642a689c8b3f54709ef6f5/transformed/runtime-saveable-release/AndroidManifest.xml
Loading library manifest /Users/sabatoiaquino/.gradle/caches/8.13/transforms/354b3f6afc406fc3d7805902a48ca08c/transformed/runtime-release/AndroidManifest.xml
Loading library manifest /Users/sabatoiaquino/.gradle/caches/8.13/transforms/4625c10a49b550e5ee6c0bf17e8f7e5b/transformed/play-services-tasks-18.2.0/AndroidManifest.xml
Loading library manifest /Users/sabatoiaquino/.gradle/caches/8.13/transforms/daf712fcd2b276006dc4c1d27157be09/transformed/play-services-basement-18.4.0/AndroidManifest.xml
Loading library manifest /Users/sabatoiaquino/.gradle/caches/8.13/transforms/82efcc776502f0ff6749268eeb21fa7a/transformed/autofill-1.0.0/AndroidManifest.xml
Loading library manifest /Users/sabatoiaquino/.gradle/caches/8.13/transforms/280f34206c39c97d97e146d3f756b706/transformed/graphics-path-1.0.1/AndroidManifest.xml
Loading library manifest /Users/sabatoiaquino/.gradle/caches/8.13/transforms/812055742d66c2d71a1d4d50dba2f401/transformed/drawerlayout-1.0.0/AndroidManifest.xml
Loading library manifest /Users/sabatoiaquino/.gradle/caches/8.13/transforms/4fe425eb396dc4dc1f839651014d5d05/transformed/viewpager-1.0.0/AndroidManifest.xml
Loading library manifest /Users/sabatoiaquino/.gradle/caches/8.13/transforms/0970543b71d561a09cdcc8588565c81e/transformed/vectordrawable-animated-1.1.0/AndroidManifest.xml
Loading library manifest /Users/sabatoiaquino/.gradle/caches/8.13/transforms/c4a6596b0776471268ecafc5db922cf9/transformed/vectordrawable-1.1.0/AndroidManifest.xml
Loading library manifest /Users/sabatoiaquino/.gradle/caches/8.13/transforms/5b1e9e6794f7bc440f41cf678d155003/transformed/customview-1.0.0/AndroidManifest.xml
Loading library manifest /Users/sabatoiaquino/.gradle/caches/8.13/transforms/7709aa9185aea1a0c25c1c8228c5b41d/transformed/core-1.13.1/AndroidManifest.xml
Loading library manifest /Users/sabatoiaquino/.gradle/caches/8.13/transforms/5bd6e07ece89d2dcc3104ad76294d5ad/transformed/customview-poolingcontainer-1.0.0/AndroidManifest.xml
Loading library manifest /Users/sabatoiaquino/.gradle/caches/8.13/transforms/074ff400e866c85bfc6969dae78acaef/transformed/core-ktx-1.13.1/AndroidManifest.xml
Loading library manifest /Users/sabatoiaquino/.gradle/caches/8.13/transforms/15236a4dd0dc2844e8f30de2952036dc/transformed/transport-backend-cct-2.3.3/AndroidManifest.xml
Loading library manifest /Users/sabatoiaquino/.gradle/caches/8.13/transforms/99e3197e5d369121910690ec286c9175/transformed/transport-runtime-2.2.6/AndroidManifest.xml
Loading library manifest /Users/sabatoiaquino/.gradle/caches/8.13/transforms/38dae2b58797447cfb3bec6ad65dfc16/transformed/transport-api-2.2.1/AndroidManifest.xml
Loading library manifest /Users/sabatoiaquino/.gradle/caches/8.13/transforms/adfed054fe4d5b0fe42bf4b5bde45369/transformed/firebase-components-16.1.0/AndroidManifest.xml
Loading library manifest /Users/sabatoiaquino/.gradle/caches/8.13/transforms/6561564667d00574834b991c243c185f/transformed/firebase-encoders-json-17.1.0/AndroidManifest.xml
Loading library manifest /Users/sabatoiaquino/.gradle/caches/8.13/transforms/ad35b1db746e4932ca22412e4d9774f6/transformed/interpolator-1.0.0/AndroidManifest.xml
Loading library manifest /Users/sabatoiaquino/.gradle/caches/8.13/transforms/3266a2dd4f98dba248a64e2793863153/transformed/versionedparcelable-1.1.1/AndroidManifest.xml
Loading library manifest /Users/sabatoiaquino/.gradle/caches/8.13/transforms/578892e5f4a93548f9b1e47bb56d0131/transformed/profileinstaller-1.3.1/AndroidManifest.xml
Loading library manifest /Users/sabatoiaquino/.gradle/caches/8.13/transforms/820f7ae5c9a7288ce7fc4734948a21df/transformed/startup-runtime-1.1.1/AndroidManifest.xml
Loading library manifest /Users/sabatoiaquino/.gradle/caches/8.13/transforms/6fdf301e9d13d36bef01bfb64c45a2de/transformed/tracing-1.0.0/AndroidManifest.xml
Loading library manifest /Users/sabatoiaquino/.gradle/caches/8.13/transforms/2f47af3a8417ce095a166ce0df50bdfa/transformed/cursoradapter-1.0.0/AndroidManifest.xml
Loading library manifest /Users/sabatoiaquino/.gradle/caches/8.13/transforms/3a42c12ed1bd9c0a1bd633df7e2c4e2c/transformed/core-runtime-2.2.0/AndroidManifest.xml
Loading library manifest /Users/sabatoiaquino/.gradle/caches/8.13/transforms/3df408a9f4a6ecd953b4712faa1d734b/transformed/core-1.0.0/AndroidManifest.xml
Loading library manifest /Users/sabatoiaquino/.gradle/caches/8.13/transforms/c91adaebc5b76739c03d95f6d3ab8122/transformed/annotation-experimental-1.4.1/AndroidManifest.xml
Loading library manifest /Users/sabatoiaquino/.gradle/caches/8.13/transforms/908aba7b9cbabb782f81f88e44ed4807/transformed/osmdroid-android-6.1.20/AndroidManifest.xml
Merging main manifest /Users/sabatoiaquino/Documents/Progetto-di-HCI/platform/source/app/src/main/AndroidManifest.xml

Merging library manifest /Users/sabatoiaquino/.gradle/caches/8.13/transforms/2644ebc440802694dcae4b93667fd942/transformed/translate-17.0.3/AndroidManifest.xml
Merging manifest with lower [com.google.mlkit:translate:17.0.3] AndroidManifest.xml:2:1-20:12
uses-sdk defined in both files...
Merging uses-sdk with lower [com.google.mlkit:translate:17.0.3] AndroidManifest.xml:5:5-44
uses-permission#android.permission.ACCESS_NETWORK_STATE defined in both files...
Merging uses-permission#android.permission.ACCESS_NETWORK_STATE with lower [com.google.mlkit:translate:17.0.3] AndroidManifest.xml:7:5-79
uses-permission#android.permission.INTERNET defined in both files...
Merging uses-permission#android.permission.INTERNET with lower [com.google.mlkit:translate:17.0.3] AndroidManifest.xml:8:5-67
application defined in both files...
Merging application with lower [com.google.mlkit:translate:17.0.3] AndroidManifest.xml:10:5-18:19
Adopted [service: null]
Merging library manifest /Users/sabatoiaquino/.gradle/caches/8.13/transforms/83a530e04338c9b0423363c4536c8a24/transformed/play-services-location-21.2.0/AndroidManifest.xml
Merging manifest with lower [com.google.android.gms:play-services-location:21.2.0] AndroidManifest.xml:2:1-9:12
uses-sdk defined in both files...
Merging uses-sdk with lower [com.google.android.gms:play-services-location:21.2.0] AndroidManifest.xml:5:5-44
application defined in both files...
Merging application with lower [com.google.android.gms:play-services-location:21.2.0] AndroidManifest.xml:7:5-20
Merging library manifest /Users/sabatoiaquino/.gradle/caches/8.13/transforms/9fc09e35069949c672c4f1f09e34fa4d/transformed/common-18.11.0/AndroidManifest.xml
Merging manifest with lower [com.google.mlkit:common:18.11.0] AndroidManifest.xml:2:1-26:12
uses-sdk defined in both files...
Merging uses-sdk with lower [com.google.mlkit:common:18.11.0] AndroidManifest.xml:6:5-44
application defined in both files...
Merging application with lower [com.google.mlkit:common:18.11.0] AndroidManifest.xml:8:5-24:19
Adopted [provider: null]
service#com.google.mlkit.common.internal.MlKitComponentDiscoveryService defined in both files...
Merging service#com.google.mlkit.common.internal.MlKitComponentDiscoveryService with lower [com.google.mlkit:common:18.11.0] AndroidManifest.xml:15:9-23:19
Adopted [meta-data: null]
Merging library manifest /Users/sabatoiaquino/.gradle/caches/8.13/transforms/0b35277cb0546889a9fc2ee2d48f044c/transformed/play-services-base-18.5.0/AndroidManifest.xml
Merging manifest with lower [com.google.android.gms:play-services-base:18.5.0] AndroidManifest.xml:2:1-7:12
uses-sdk defined in both files...
Merging uses-sdk with lower [com.google.android.gms:play-services-base:18.5.0] AndroidManifest.xml:3:5-44
application defined in both files...
Merging application with lower [com.google.android.gms:play-services-base:18.5.0] AndroidManifest.xml:4:5-6:19
Adopted [activity: null]
Merging library manifest /Users/sabatoiaquino/.gradle/caches/8.13/transforms/def0ebf50d640b4f9f69c11bbaf6d3a0/transformed/material3-adaptive-navigation-suite-release/AndroidManifest.xml
Merging manifest with lower [androidx.compose.material3:material3-adaptive-navigation-suite-android:1.3.0] AndroidManifest.xml:2:1-7:12
uses-sdk defined in both files...
Merging uses-sdk with lower [androidx.compose.material3:material3-adaptive-navigation-suite-android:1.3.0] AndroidManifest.xml:5:5-44
Merging library manifest /Users/sabatoiaquino/.gradle/caches/8.13/transforms/ae34f4ba8af484c2c3e7cbe3a966ba43/transformed/material3-release/AndroidManifest.xml
Merging manifest with lower [androidx.compose.material3:material3-android:1.3.0] AndroidManifest.xml:17:1-22:12
uses-sdk defined in both files...
Merging uses-sdk with lower [androidx.compose.material3:material3-android:1.3.0] AndroidManifest.xml:20:5-44
Merging library manifest /Users/sabatoiaquino/.gradle/caches/8.13/transforms/d55291685b4ca47ed18554e08a57a6d9/transformed/material-release/AndroidManifest.xml
Merging manifest with lower [androidx.compose.material:material-android:1.7.0] AndroidManifest.xml:2:1-7:12
uses-sdk defined in both files...
Merging uses-sdk with lower [androidx.compose.material:material-android:1.7.0] AndroidManifest.xml:5:5-44
Merging library manifest /Users/sabatoiaquino/.gradle/caches/8.13/transforms/9390e3c3ff6a8083f733a3b34f04e0b0/transformed/material-ripple-release/AndroidManifest.xml
Merging manifest with lower [androidx.compose.material:material-ripple-android:1.7.0] AndroidManifest.xml:2:1-7:12
uses-sdk defined in both files...
Merging uses-sdk with lower [androidx.compose.material:material-ripple-android:1.7.0] AndroidManifest.xml:5:5-44
Merging library manifest /Users/sabatoiaquino/.gradle/caches/8.13/transforms/8199d9b33a461938d3da89fa7c281f2f/transformed/adaptive-release/AndroidManifest.xml
Merging manifest with lower [androidx.compose.material3.adaptive:adaptive-android:1.0.0] AndroidManifest.xml:17:1-22:12
uses-sdk defined in both files...
Merging uses-sdk with lower [androidx.compose.material3.adaptive:adaptive-android:1.0.0] AndroidManifest.xml:20:5-44
Merging library manifest /Users/sabatoiaquino/.gradle/caches/8.13/transforms/9beacd3ce1cdfc4583c4c1efed87254a/transformed/foundation-release/AndroidManifest.xml
Merging manifest with lower [androidx.compose.foundation:foundation-android:1.7.0] AndroidManifest.xml:2:1-7:12
uses-sdk defined in both files...
Merging uses-sdk with lower [androidx.compose.foundation:foundation-android:1.7.0] AndroidManifest.xml:5:5-44
Merging library manifest /Users/sabatoiaquino/.gradle/caches/8.13/transforms/08d7617001faab1387acf70f842846da/transformed/animation-release/AndroidManifest.xml
Merging manifest with lower [androidx.compose.animation:animation-android:1.7.0] AndroidManifest.xml:2:1-7:12
uses-sdk defined in both files...
Merging uses-sdk with lower [androidx.compose.animation:animation-android:1.7.0] AndroidManifest.xml:5:5-44
Merging library manifest /Users/sabatoiaquino/.gradle/caches/8.13/transforms/40d60f4015bd1ca8b3fa1fb6fc3e5f6a/transformed/foundation-layout-release/AndroidManifest.xml
Merging manifest with lower [androidx.compose.foundation:foundation-layout-android:1.7.0] AndroidManifest.xml:2:1-7:12
uses-sdk defined in both files...
Merging uses-sdk with lower [androidx.compose.foundation:foundation-layout-android:1.7.0] AndroidManifest.xml:5:5-44
Merging library manifest /Users/sabatoiaquino/.gradle/caches/8.13/transforms/5a3107c5f21741935d8993580af1a6e8/transformed/animation-core-release/AndroidManifest.xml
Merging manifest with lower [androidx.compose.animation:animation-core-android:1.7.0] AndroidManifest.xml:2:1-7:12
uses-sdk defined in both files...
Merging uses-sdk with lower [androidx.compose.animation:animation-core-android:1.7.0] AndroidManifest.xml:5:5-44
Merging library manifest /Users/sabatoiaquino/.gradle/caches/8.13/transforms/c3e0ca9114c3fb97655ecd841c680a08/transformed/ui-tooling-data-release/AndroidManifest.xml
Merging manifest with lower [androidx.compose.ui:ui-tooling-data-android:1.7.0] AndroidManifest.xml:2:1-7:12
uses-sdk defined in both files...
Merging uses-sdk with lower [androidx.compose.ui:ui-tooling-data-android:1.7.0] AndroidManifest.xml:5:5-44
Merging library manifest /Users/sabatoiaquino/.gradle/caches/8.13/transforms/24d116a06a74cb72da84a7c08fdcc345/transformed/ui-unit-release/AndroidManifest.xml
Merging manifest with lower [androidx.compose.ui:ui-unit-android:1.7.0] AndroidManifest.xml:2:1-7:12
uses-sdk defined in both files...
Merging uses-sdk with lower [androidx.compose.ui:ui-unit-android:1.7.0] AndroidManifest.xml:5:5-44
Merging library manifest /Users/sabatoiaquino/.gradle/caches/8.13/transforms/1e64acff94fd40bbd8ca24035fdeae33/transformed/ui-geometry-release/AndroidManifest.xml
Merging manifest with lower [androidx.compose.ui:ui-geometry-android:1.7.0] AndroidManifest.xml:2:1-7:12
uses-sdk defined in both files...
Merging uses-sdk with lower [androidx.compose.ui:ui-geometry-android:1.7.0] AndroidManifest.xml:5:5-44
Merging library manifest /Users/sabatoiaquino/.gradle/caches/8.13/transforms/957f1779f809dc9f18f15ba503e2abc0/transformed/ui-util-release/AndroidManifest.xml
Merging manifest with lower [androidx.compose.ui:ui-util-android:1.7.0] AndroidManifest.xml:2:1-7:12
uses-sdk defined in both files...
Merging uses-sdk with lower [androidx.compose.ui:ui-util-android:1.7.0] AndroidManifest.xml:5:5-44
Merging library manifest /Users/sabatoiaquino/.gradle/caches/8.13/transforms/8eca9f1f89845ccac3a473eccb1a5222/transformed/ui-text-release/AndroidManifest.xml
Merging manifest with lower [androidx.compose.ui:ui-text-android:1.7.0] AndroidManifest.xml:2:1-7:12
uses-sdk defined in both files...
Merging uses-sdk with lower [androidx.compose.ui:ui-text-android:1.7.0] AndroidManifest.xml:5:5-44
Merging library manifest /Users/sabatoiaquino/.gradle/caches/8.13/transforms/6f0ad31854791e88db55c06189124a93/transformed/ui-tooling-preview-release/AndroidManifest.xml
Merging manifest with lower [androidx.compose.ui:ui-tooling-preview-android:1.7.0] AndroidManifest.xml:17:1-22:12
uses-sdk defined in both files...
Merging uses-sdk with lower [androidx.compose.ui:ui-tooling-preview-android:1.7.0] AndroidManifest.xml:20:5-44
Merging library manifest /Users/sabatoiaquino/.gradle/caches/8.13/transforms/c2a584231834debbf0b6b6592ef8f382/transformed/ui-tooling-release/AndroidManifest.xml
Merging manifest with lower [androidx.compose.ui:ui-tooling-android:1.7.0] AndroidManifest.xml:17:1-28:12
uses-sdk defined in both files...
Merging uses-sdk with lower [androidx.compose.ui:ui-tooling-android:1.7.0] AndroidManifest.xml:20:5-44
application defined in both files...
Merging application with lower [androidx.compose.ui:ui-tooling-android:1.7.0] AndroidManifest.xml:22:5-26:19
Adopted [activity: null]
Merging library manifest /Users/sabatoiaquino/.gradle/caches/8.13/transforms/993e8b4b1297a08d8b00510a0b349a28/transformed/ui-graphics-release/AndroidManifest.xml
Merging manifest with lower [androidx.compose.ui:ui-graphics-android:1.7.0] AndroidManifest.xml:2:1-7:12
uses-sdk defined in both files...
Merging uses-sdk with lower [androidx.compose.ui:ui-graphics-android:1.7.0] AndroidManifest.xml:5:5-44
Merging library manifest /Users/sabatoiaquino/.gradle/caches/8.13/transforms/7decc2346d1b4444bd7d2e97aaf28e6e/transformed/material-icons-core-release/AndroidManifest.xml
Merging manifest with lower [androidx.compose.material:material-icons-core-android:1.7.0] AndroidManifest.xml:2:1-7:12
uses-sdk defined in both files...
Merging uses-sdk with lower [androidx.compose.material:material-icons-core-android:1.7.0] AndroidManifest.xml:5:5-44
Merging library manifest /Users/sabatoiaquino/.gradle/caches/8.13/transforms/b3930dc8f94c6dd0a442ef8e254c6005/transformed/ui-release/AndroidManifest.xml
Merging manifest with lower [androidx.compose.ui:ui-android:1.7.0] AndroidManifest.xml:2:1-7:12
uses-sdk defined in both files...
Merging uses-sdk with lower [androidx.compose.ui:ui-android:1.7.0] AndroidManifest.xml:5:5-44
Merging library manifest /Users/sabatoiaquino/.gradle/caches/8.13/transforms/666ba1e720b55cf6b48d18ee46f4455c/transformed/ui-test-manifest-1.7.0/AndroidManifest.xml
Merging manifest with lower [androidx.compose.ui:ui-test-manifest:1.7.0] AndroidManifest.xml:17:1-28:12
uses-sdk defined in both files...
Merging uses-sdk with lower [androidx.compose.ui:ui-test-manifest:1.7.0] AndroidManifest.xml:20:5-44
application defined in both files...
Merging application with lower [androidx.compose.ui:ui-test-manifest:1.7.0] AndroidManifest.xml:22:5-26:19
Adopted [activity: null]
Merging library manifest /Users/sabatoiaquino/.gradle/caches/8.13/transforms/2df4b4d11f7a11e6fdf07648b1c76b48/transformed/appcompat-resources-1.6.1/AndroidManifest.xml
Merging manifest with lower [androidx.appcompat:appcompat-resources:1.6.1] AndroidManifest.xml:17:1-22:12
uses-sdk defined in both files...
Merging uses-sdk with lower [androidx.appcompat:appcompat-resources:1.6.1] AndroidManifest.xml:20:5-44
Merging library manifest /Users/sabatoiaquino/.gradle/caches/8.13/transforms/853cacc849b2a2540864c2f9f2c1200a/transformed/appcompat-1.6.1/AndroidManifest.xml
Merging manifest with lower [androidx.appcompat:appcompat:1.6.1] AndroidManifest.xml:17:1-22:12
uses-sdk defined in both files...
Merging uses-sdk with lower [androidx.appcompat:appcompat:1.6.1] AndroidManifest.xml:20:5-44
Merging library manifest /Users/sabatoiaquino/.gradle/caches/8.13/transforms/c21a5bda5024d02f296687f7dd7b8217/transformed/fragment-1.3.6/AndroidManifest.xml
Merging manifest with lower [androidx.fragment:fragment:1.3.6] AndroidManifest.xml:17:1-24:12
uses-sdk defined in both files...
Merging uses-sdk with lower [androidx.fragment:fragment:1.3.6] AndroidManifest.xml:20:5-22:41
Merging library manifest /Users/sabatoiaquino/.gradle/caches/8.13/transforms/77904617dc26d78022df4aaaa3800273/transformed/activity-1.9.3/AndroidManifest.xml
Merging manifest with lower [androidx.activity:activity:1.9.3] AndroidManifest.xml:17:1-22:12
uses-sdk defined in both files...
Merging uses-sdk with lower [androidx.activity:activity:1.9.3] AndroidManifest.xml:20:5-44
Merging library manifest /Users/sabatoiaquino/.gradle/caches/8.13/transforms/114545931faa3c0e952cedc4107c5ef7/transformed/activity-compose-1.9.3/AndroidManifest.xml
Merging manifest with lower [androidx.activity:activity-compose:1.9.3] AndroidManifest.xml:2:1-7:12
uses-sdk defined in both files...
Merging uses-sdk with lower [androidx.activity:activity-compose:1.9.3] AndroidManifest.xml:5:5-44
Merging library manifest /Users/sabatoiaquino/.gradle/caches/8.13/transforms/0b6d2d99404b3c12d0311c3308caf37d/transformed/activity-ktx-1.9.3/AndroidManifest.xml
Merging manifest with lower [androidx.activity:activity-ktx:1.9.3] AndroidManifest.xml:2:1-7:12
uses-sdk defined in both files...
Merging uses-sdk with lower [androidx.activity:activity-ktx:1.9.3] AndroidManifest.xml:5:5-44
Merging library manifest /Users/sabatoiaquino/.gradle/caches/8.13/transforms/9ab2824a215762e55f2fc8a341a62a77/transformed/savedstate-ktx-1.2.1/AndroidManifest.xml
Merging manifest with lower [androidx.savedstate:savedstate-ktx:1.2.1] AndroidManifest.xml:17:1-22:12
uses-sdk defined in both files...
Merging uses-sdk with lower [androidx.savedstate:savedstate-ktx:1.2.1] AndroidManifest.xml:20:5-44
Merging library manifest /Users/sabatoiaquino/.gradle/caches/8.13/transforms/88406ea5a35c520ebd19199e9616cbdc/transformed/savedstate-1.2.1/AndroidManifest.xml
Merging manifest with lower [androidx.savedstate:savedstate:1.2.1] AndroidManifest.xml:17:1-22:12
uses-sdk defined in both files...
Merging uses-sdk with lower [androidx.savedstate:savedstate:1.2.1] AndroidManifest.xml:20:5-44
Merging library manifest /Users/sabatoiaquino/.gradle/caches/8.13/transforms/2f3c2a1f5fc5e1291dc9dab370686966/transformed/loader-1.0.0/AndroidManifest.xml
Merging manifest with lower [androidx.loader:loader:1.0.0] AndroidManifest.xml:17:1-22:12
uses-sdk defined in both files...
Merging uses-sdk with lower [androidx.loader:loader:1.0.0] AndroidManifest.xml:20:5-44
Merging library manifest /Users/sabatoiaquino/.gradle/caches/8.13/transforms/61eb98b5f53d324ccbb800f5e9dd8535/transformed/emoji2-views-helper-1.3.0/AndroidManifest.xml
Merging manifest with lower [androidx.emoji2:emoji2-views-helper:1.3.0] AndroidManifest.xml:2:1-7:12
uses-sdk defined in both files...
Merging uses-sdk with lower [androidx.emoji2:emoji2-views-helper:1.3.0] AndroidManifest.xml:5:5-44
Merging library manifest /Users/sabatoiaquino/.gradle/caches/8.13/transforms/c4dbf0d9b5b5eb1f5d79a88d630bd211/transformed/emoji2-1.3.0/AndroidManifest.xml
Merging manifest with lower [androidx.emoji2:emoji2:1.3.0] AndroidManifest.xml:17:1-35:12
uses-sdk defined in both files...
Merging uses-sdk with lower [androidx.emoji2:emoji2:1.3.0] AndroidManifest.xml:21:5-44
application defined in both files...
Merging application with lower [androidx.emoji2:emoji2:1.3.0] AndroidManifest.xml:23:5-33:19
Adopted [provider: null]
Merging library manifest /Users/sabatoiaquino/.gradle/caches/8.13/transforms/670a19e45fdf5585f656af86562527bb/transformed/lifecycle-livedata-core-ktx-2.8.6/AndroidManifest.xml
Merging manifest with lower [androidx.lifecycle:lifecycle-livedata-core-ktx:2.8.6] AndroidManifest.xml:2:1-7:12
uses-sdk defined in both files...
Merging uses-sdk with lower [androidx.lifecycle:lifecycle-livedata-core-ktx:2.8.6] AndroidManifest.xml:5:5-44
Merging library manifest /Users/sabatoiaquino/.gradle/caches/8.13/transforms/4a885b3024b1bea7cf296902034b1cd0/transformed/lifecycle-process-2.8.6/AndroidManifest.xml
Merging manifest with lower [androidx.lifecycle:lifecycle-process:2.8.6] AndroidManifest.xml:17:1-35:12
uses-sdk defined in both files...
Merging uses-sdk with lower [androidx.lifecycle:lifecycle-process:2.8.6] AndroidManifest.xml:21:5-44
application defined in both files...
Merging application with lower [androidx.lifecycle:lifecycle-process:2.8.6] AndroidManifest.xml:23:5-33:19
provider#androidx.startup.InitializationProvider defined in both files...
Merging provider#androidx.startup.InitializationProvider with lower [androidx.lifecycle:lifecycle-process:2.8.6] AndroidManifest.xml:24:9-32:20
Adopted [meta-data: null]
Merging library manifest /Users/sabatoiaquino/.gradle/caches/8.13/transforms/9ff6876064c1ce780544df3e319f96b6/transformed/lifecycle-livedata-2.8.6/AndroidManifest.xml
Merging manifest with lower [androidx.lifecycle:lifecycle-livedata:2.8.6] AndroidManifest.xml:17:1-22:12
uses-sdk defined in both files...
Merging uses-sdk with lower [androidx.lifecycle:lifecycle-livedata:2.8.6] AndroidManifest.xml:20:5-44
Merging library manifest /Users/sabatoiaquino/.gradle/caches/8.13/transforms/5e380e61e4de4cfc64d0077619182534/transformed/lifecycle-runtime-compose-release/AndroidManifest.xml
Merging manifest with lower [androidx.lifecycle:lifecycle-runtime-compose-android:2.8.6] AndroidManifest.xml:2:1-7:12
uses-sdk defined in both files...
Merging uses-sdk with lower [androidx.lifecycle:lifecycle-runtime-compose-android:2.8.6] AndroidManifest.xml:5:5-44
Merging library manifest /Users/sabatoiaquino/.gradle/caches/8.13/transforms/b93d082c69aee99db04411ba39a6422d/transformed/lifecycle-livedata-core-2.8.6/AndroidManifest.xml
Merging manifest with lower [androidx.lifecycle:lifecycle-livedata-core:2.8.6] AndroidManifest.xml:17:1-22:12
uses-sdk defined in both files...
Merging uses-sdk with lower [androidx.lifecycle:lifecycle-livedata-core:2.8.6] AndroidManifest.xml:20:5-44
Merging library manifest /Users/sabatoiaquino/.gradle/caches/8.13/transforms/b563b9d6a83dd08a92b1f9d7c4936ea5/transformed/lifecycle-viewmodel-savedstate-2.8.6/AndroidManifest.xml
Merging manifest with lower [androidx.lifecycle:lifecycle-viewmodel-savedstate:2.8.6] AndroidManifest.xml:17:1-22:12
uses-sdk defined in both files...
Merging uses-sdk with lower [androidx.lifecycle:lifecycle-viewmodel-savedstate:2.8.6] AndroidManifest.xml:20:5-44
Merging library manifest /Users/sabatoiaquino/.gradle/caches/8.13/transforms/c87d604e25e5f3f202224f834a55de9a/transformed/lifecycle-viewmodel-2.8.6/AndroidManifest.xml
Merging manifest with lower [androidx.lifecycle:lifecycle-viewmodel:2.8.6] AndroidManifest.xml:2:1-5:12
uses-sdk defined in both files...
Merging uses-sdk with lower [androidx.lifecycle:lifecycle-viewmodel:2.8.6] AndroidManifest.xml:4:5-43
Merging library manifest /Users/sabatoiaquino/.gradle/caches/8.13/transforms/57771524891b19d17474a8ddc2d795e8/transformed/lifecycle-viewmodel-release/AndroidManifest.xml
Merging manifest with lower [androidx.lifecycle:lifecycle-viewmodel-android:2.8.6] AndroidManifest.xml:17:1-22:12
uses-sdk defined in both files...
Merging uses-sdk with lower [androidx.lifecycle:lifecycle-viewmodel-android:2.8.6] AndroidManifest.xml:20:5-44
Merging library manifest /Users/sabatoiaquino/.gradle/caches/8.13/transforms/b4454252595d20b4dee0401aa3f1fa38/transformed/lifecycle-runtime-release/AndroidManifest.xml
Merging manifest with lower [androidx.lifecycle:lifecycle-runtime-android:2.8.6] AndroidManifest.xml:17:1-22:12
uses-sdk defined in both files...
Merging uses-sdk with lower [androidx.lifecycle:lifecycle-runtime-android:2.8.6] AndroidManifest.xml:20:5-44
Merging library manifest /Users/sabatoiaquino/.gradle/caches/8.13/transforms/875652bc5695af72cdcb9a26b6dbaa18/transformed/lifecycle-viewmodel-ktx-2.8.6/AndroidManifest.xml
Merging manifest with lower [androidx.lifecycle:lifecycle-viewmodel-ktx:2.8.6] AndroidManifest.xml:2:1-7:12
uses-sdk defined in both files...
Merging uses-sdk with lower [androidx.lifecycle:lifecycle-viewmodel-ktx:2.8.6] AndroidManifest.xml:5:5-44
Merging library manifest /Users/sabatoiaquino/.gradle/caches/8.13/transforms/43e25122b5c92a07a5d7611f8071744e/transformed/lifecycle-runtime-ktx-release/AndroidManifest.xml
Merging manifest with lower [androidx.lifecycle:lifecycle-runtime-ktx-android:2.8.6] AndroidManifest.xml:2:1-7:12
uses-sdk defined in both files...
Merging uses-sdk with lower [androidx.lifecycle:lifecycle-runtime-ktx-android:2.8.6] AndroidManifest.xml:5:5-44
Merging library manifest /Users/sabatoiaquino/.gradle/caches/8.13/transforms/517e882ce87f796fa85f5bb5faf68b48/transformed/window-core-release/AndroidManifest.xml
Merging manifest with lower [androidx.window:window-core-android:1.3.0] AndroidManifest.xml:2:1-7:12
uses-sdk defined in both files...
Merging uses-sdk with lower [androidx.window:window-core-android:1.3.0] AndroidManifest.xml:5:5-44
Merging library manifest /Users/sabatoiaquino/.gradle/caches/8.13/transforms/78024a6f6e1e8f604e56b54e5ce38c20/transformed/window-1.3.0/AndroidManifest.xml
Merging manifest with lower [androidx.window:window:1.3.0] AndroidManifest.xml:17:1-31:12
uses-sdk defined in both files...
Merging uses-sdk with lower [androidx.window:window:1.3.0] AndroidManifest.xml:20:5-44
application defined in both files...
Merging application with lower [androidx.window:window:1.3.0] AndroidManifest.xml:22:5-29:19
Adopted [uses-library: null]
Adopted [uses-library: null]
Merging library manifest /Users/sabatoiaquino/.gradle/caches/8.13/transforms/6641828991642a689c8b3f54709ef6f5/transformed/runtime-saveable-release/AndroidManifest.xml
Merging manifest with lower [androidx.compose.runtime:runtime-saveable-android:1.7.1] AndroidManifest.xml:2:1-7:12
uses-sdk defined in both files...
Merging uses-sdk with lower [androidx.compose.runtime:runtime-saveable-android:1.7.1] AndroidManifest.xml:5:5-44
Merging library manifest /Users/sabatoiaquino/.gradle/caches/8.13/transforms/354b3f6afc406fc3d7805902a48ca08c/transformed/runtime-release/AndroidManifest.xml
Merging manifest with lower [androidx.compose.runtime:runtime-android:1.7.1] AndroidManifest.xml:2:1-7:12
uses-sdk defined in both files...
Merging uses-sdk with lower [androidx.compose.runtime:runtime-android:1.7.1] AndroidManifest.xml:5:5-44
Merging library manifest /Users/sabatoiaquino/.gradle/caches/8.13/transforms/4625c10a49b550e5ee6c0bf17e8f7e5b/transformed/play-services-tasks-18.2.0/AndroidManifest.xml
Merging manifest with lower [com.google.android.gms:play-services-tasks:18.2.0] AndroidManifest.xml:2:1-5:12
uses-sdk defined in both files...
Merging uses-sdk with lower [com.google.android.gms:play-services-tasks:18.2.0] AndroidManifest.xml:3:5-44
application defined in both files...
Merging application with lower [com.google.android.gms:play-services-tasks:18.2.0] AndroidManifest.xml:4:5-20
Merging library manifest /Users/sabatoiaquino/.gradle/caches/8.13/transforms/daf712fcd2b276006dc4c1d27157be09/transformed/play-services-basement-18.4.0/AndroidManifest.xml
Merging manifest with lower [com.google.android.gms:play-services-basement:18.4.0] AndroidManifest.xml:2:1-9:12
uses-sdk defined in both files...
Merging uses-sdk with lower [com.google.android.gms:play-services-basement:18.4.0] AndroidManifest.xml:3:5-44
application defined in both files...
Merging application with lower [com.google.android.gms:play-services-basement:18.4.0] AndroidManifest.xml:5:5-7:19
Adopted [meta-data: null]
Merging library manifest /Users/sabatoiaquino/.gradle/caches/8.13/transforms/82efcc776502f0ff6749268eeb21fa7a/transformed/autofill-1.0.0/AndroidManifest.xml
Merging manifest with lower [androidx.autofill:autofill:1.0.0] AndroidManifest.xml:17:1-24:12
uses-sdk defined in both files...
Merging uses-sdk with lower [androidx.autofill:autofill:1.0.0] AndroidManifest.xml:20:5-22:41
Merging library manifest /Users/sabatoiaquino/.gradle/caches/8.13/transforms/280f34206c39c97d97e146d3f756b706/transformed/graphics-path-1.0.1/AndroidManifest.xml
Merging manifest with lower [androidx.graphics:graphics-path:1.0.1] AndroidManifest.xml:2:1-7:12
uses-sdk defined in both files...
Merging uses-sdk with lower [androidx.graphics:graphics-path:1.0.1] AndroidManifest.xml:5:5-44
Merging library manifest /Users/sabatoiaquino/.gradle/caches/8.13/transforms/812055742d66c2d71a1d4d50dba2f401/transformed/drawerlayout-1.0.0/AndroidManifest.xml
Merging manifest with lower [androidx.drawerlayout:drawerlayout:1.0.0] AndroidManifest.xml:17:1-22:12
uses-sdk defined in both files...
Merging uses-sdk with lower [androidx.drawerlayout:drawerlayout:1.0.0] AndroidManifest.xml:20:5-44
Merging library manifest /Users/sabatoiaquino/.gradle/caches/8.13/transforms/4fe425eb396dc4dc1f839651014d5d05/transformed/viewpager-1.0.0/AndroidManifest.xml
Merging manifest with lower [androidx.viewpager:viewpager:1.0.0] AndroidManifest.xml:17:1-22:12
uses-sdk defined in both files...
Merging uses-sdk with lower [androidx.viewpager:viewpager:1.0.0] AndroidManifest.xml:20:5-44
Merging library manifest /Users/sabatoiaquino/.gradle/caches/8.13/transforms/0970543b71d561a09cdcc8588565c81e/transformed/vectordrawable-animated-1.1.0/AndroidManifest.xml
Merging manifest with lower [androidx.vectordrawable:vectordrawable-animated:1.1.0] AndroidManifest.xml:17:1-24:12
uses-sdk defined in both files...
Merging uses-sdk with lower [androidx.vectordrawable:vectordrawable-animated:1.1.0] AndroidManifest.xml:20:5-22:41
Merging library manifest /Users/sabatoiaquino/.gradle/caches/8.13/transforms/c4a6596b0776471268ecafc5db922cf9/transformed/vectordrawable-1.1.0/AndroidManifest.xml
Merging manifest with lower [androidx.vectordrawable:vectordrawable:1.1.0] AndroidManifest.xml:17:1-24:12
uses-sdk defined in both files...
Merging uses-sdk with lower [androidx.vectordrawable:vectordrawable:1.1.0] AndroidManifest.xml:20:5-22:41
Merging library manifest /Users/sabatoiaquino/.gradle/caches/8.13/transforms/5b1e9e6794f7bc440f41cf678d155003/transformed/customview-1.0.0/AndroidManifest.xml
Merging manifest with lower [androidx.customview:customview:1.0.0] AndroidManifest.xml:17:1-22:12
uses-sdk defined in both files...
Merging uses-sdk with lower [androidx.customview:customview:1.0.0] AndroidManifest.xml:20:5-44
Merging library manifest /Users/sabatoiaquino/.gradle/caches/8.13/transforms/7709aa9185aea1a0c25c1c8228c5b41d/transformed/core-1.13.1/AndroidManifest.xml
Merging manifest with lower [androidx.core:core:1.13.1] AndroidManifest.xml:17:1-30:12
uses-sdk defined in both files...
Merging uses-sdk with lower [androidx.core:core:1.13.1] AndroidManifest.xml:20:5-44
Adopted [permission: null]
Adopted [uses-permission: null]
application defined in both files...
Merging application with lower [androidx.core:core:1.13.1] AndroidManifest.xml:28:5-89
Merging library manifest /Users/sabatoiaquino/.gradle/caches/8.13/transforms/5bd6e07ece89d2dcc3104ad76294d5ad/transformed/customview-poolingcontainer-1.0.0/AndroidManifest.xml
Merging manifest with lower [androidx.customview:customview-poolingcontainer:1.0.0] AndroidManifest.xml:17:1-23:12
uses-sdk defined in both files...
Merging uses-sdk with lower [androidx.customview:customview-poolingcontainer:1.0.0] AndroidManifest.xml:20:5-21:38
Merging library manifest /Users/sabatoiaquino/.gradle/caches/8.13/transforms/074ff400e866c85bfc6969dae78acaef/transformed/core-ktx-1.13.1/AndroidManifest.xml
Merging manifest with lower [androidx.core:core-ktx:1.13.1] AndroidManifest.xml:2:1-7:12
uses-sdk defined in both files...
Merging uses-sdk with lower [androidx.core:core-ktx:1.13.1] AndroidManifest.xml:5:5-44
Merging library manifest /Users/sabatoiaquino/.gradle/caches/8.13/transforms/15236a4dd0dc2844e8f30de2952036dc/transformed/transport-backend-cct-2.3.3/AndroidManifest.xml
Merging manifest with lower [com.google.android.datatransport:transport-backend-cct:2.3.3] AndroidManifest.xml:15:1-38:12
uses-sdk defined in both files...
Merging uses-sdk with lower [com.google.android.datatransport:transport-backend-cct:2.3.3] AndroidManifest.xml:19:5-21:41
uses-permission#android.permission.ACCESS_NETWORK_STATE defined in both files...
Merging uses-permission#android.permission.ACCESS_NETWORK_STATE with lower [com.google.android.datatransport:transport-backend-cct:2.3.3] AndroidManifest.xml:25:5-79
uses-permission#android.permission.INTERNET defined in both files...
Merging uses-permission#android.permission.INTERNET with lower [com.google.android.datatransport:transport-backend-cct:2.3.3] AndroidManifest.xml:26:5-67
application defined in both files...
Merging application with lower [com.google.android.datatransport:transport-backend-cct:2.3.3] AndroidManifest.xml:28:5-36:19
Adopted [service: null]
Merging library manifest /Users/sabatoiaquino/.gradle/caches/8.13/transforms/99e3197e5d369121910690ec286c9175/transformed/transport-runtime-2.2.6/AndroidManifest.xml
Merging manifest with lower [com.google.android.datatransport:transport-runtime:2.2.6] AndroidManifest.xml:15:1-41:12
uses-sdk defined in both files...
Merging uses-sdk with lower [com.google.android.datatransport:transport-runtime:2.2.6] AndroidManifest.xml:18:5-20:41
uses-permission#android.permission.ACCESS_NETWORK_STATE defined in both files...
Merging uses-permission#android.permission.ACCESS_NETWORK_STATE with lower [com.google.android.datatransport:transport-runtime:2.2.6] AndroidManifest.xml:22:5-79
application defined in both files...
Merging application with lower [com.google.android.datatransport:transport-runtime:2.2.6] AndroidManifest.xml:25:5-39:19
Adopted [service: null]
Adopted [receiver: null]
service#com.google.android.datatransport.runtime.backends.TransportBackendDiscovery defined in both files...
Merging service#com.google.android.datatransport.runtime.backends.TransportBackendDiscovery with lower [com.google.android.datatransport:transport-runtime:2.2.6] AndroidManifest.xml:36:9-38:40
Merging library manifest /Users/sabatoiaquino/.gradle/caches/8.13/transforms/38dae2b58797447cfb3bec6ad65dfc16/transformed/transport-api-2.2.1/AndroidManifest.xml
Merging manifest with lower [com.google.android.datatransport:transport-api:2.2.1] AndroidManifest.xml:15:1-22:12
uses-sdk defined in both files...
Merging uses-sdk with lower [com.google.android.datatransport:transport-api:2.2.1] AndroidManifest.xml:18:5-20:41
Merging library manifest /Users/sabatoiaquino/.gradle/caches/8.13/transforms/adfed054fe4d5b0fe42bf4b5bde45369/transformed/firebase-components-16.1.0/AndroidManifest.xml
Merging manifest with lower [com.google.firebase:firebase-components:16.1.0] AndroidManifest.xml:15:1-23:12
uses-sdk defined in both files...
Merging uses-sdk with lower [com.google.firebase:firebase-components:16.1.0] AndroidManifest.xml:19:5-21:41
Merging library manifest /Users/sabatoiaquino/.gradle/caches/8.13/transforms/6561564667d00574834b991c243c185f/transformed/firebase-encoders-json-17.1.0/AndroidManifest.xml
Merging manifest with lower [com.google.firebase:firebase-encoders-json:17.1.0] AndroidManifest.xml:15:1-23:12
uses-sdk defined in both files...
Merging uses-sdk with lower [com.google.firebase:firebase-encoders-json:17.1.0] AndroidManifest.xml:19:5-21:41
Merging library manifest /Users/sabatoiaquino/.gradle/caches/8.13/transforms/ad35b1db746e4932ca22412e4d9774f6/transformed/interpolator-1.0.0/AndroidManifest.xml
Merging manifest with lower [androidx.interpolator:interpolator:1.0.0] AndroidManifest.xml:17:1-22:12
uses-sdk defined in both files...
Merging uses-sdk with lower [androidx.interpolator:interpolator:1.0.0] AndroidManifest.xml:20:5-44
Merging library manifest /Users/sabatoiaquino/.gradle/caches/8.13/transforms/3266a2dd4f98dba248a64e2793863153/transformed/versionedparcelable-1.1.1/AndroidManifest.xml
Merging manifest with lower [androidx.versionedparcelable:versionedparcelable:1.1.1] AndroidManifest.xml:17:1-27:12
uses-sdk defined in both files...
Merging uses-sdk with lower [androidx.versionedparcelable:versionedparcelable:1.1.1] AndroidManifest.xml:20:5-22:41
application defined in both files...
Merging application with lower [androidx.versionedparcelable:versionedparcelable:1.1.1] AndroidManifest.xml:24:5-25:19
Merging library manifest /Users/sabatoiaquino/.gradle/caches/8.13/transforms/578892e5f4a93548f9b1e47bb56d0131/transformed/profileinstaller-1.3.1/AndroidManifest.xml
Merging manifest with lower [androidx.profileinstaller:profileinstaller:1.3.1] AndroidManifest.xml:17:1-55:12
uses-sdk defined in both files...
Merging uses-sdk with lower [androidx.profileinstaller:profileinstaller:1.3.1] AndroidManifest.xml:21:5-44
application defined in both files...
Merging application with lower [androidx.profileinstaller:profileinstaller:1.3.1] AndroidManifest.xml:23:5-53:19
provider#androidx.startup.InitializationProvider defined in both files...
Merging provider#androidx.startup.InitializationProvider with lower [androidx.profileinstaller:profileinstaller:1.3.1] AndroidManifest.xml:24:9-32:20
Adopted [meta-data: null]
Adopted [receiver: null]
Merging library manifest /Users/sabatoiaquino/.gradle/caches/8.13/transforms/820f7ae5c9a7288ce7fc4734948a21df/transformed/startup-runtime-1.1.1/AndroidManifest.xml
Merging manifest with lower [androidx.startup:startup-runtime:1.1.1] AndroidManifest.xml:17:1-33:12
uses-sdk defined in both files...
Merging uses-sdk with lower [androidx.startup:startup-runtime:1.1.1] AndroidManifest.xml:21:5-23:41
application defined in both files...
Merging application with lower [androidx.startup:startup-runtime:1.1.1] AndroidManifest.xml:25:5-31:19
provider#androidx.startup.InitializationProvider defined in both files...
Merging provider#androidx.startup.InitializationProvider with lower [androidx.startup:startup-runtime:1.1.1] AndroidManifest.xml:26:9-30:34
Merging library manifest /Users/sabatoiaquino/.gradle/caches/8.13/transforms/6fdf301e9d13d36bef01bfb64c45a2de/transformed/tracing-1.0.0/AndroidManifest.xml
Merging manifest with lower [androidx.tracing:tracing:1.0.0] AndroidManifest.xml:17:1-24:12
uses-sdk defined in both files...
Merging uses-sdk with lower [androidx.tracing:tracing:1.0.0] AndroidManifest.xml:20:5-22:41
Merging library manifest /Users/sabatoiaquino/.gradle/caches/8.13/transforms/2f47af3a8417ce095a166ce0df50bdfa/transformed/cursoradapter-1.0.0/AndroidManifest.xml
Merging manifest with lower [androidx.cursoradapter:cursoradapter:1.0.0] AndroidManifest.xml:17:1-22:12
uses-sdk defined in both files...
Merging uses-sdk with lower [androidx.cursoradapter:cursoradapter:1.0.0] AndroidManifest.xml:20:5-44
Merging library manifest /Users/sabatoiaquino/.gradle/caches/8.13/transforms/3a42c12ed1bd9c0a1bd633df7e2c4e2c/transformed/core-runtime-2.2.0/AndroidManifest.xml
Merging manifest with lower [androidx.arch.core:core-runtime:2.2.0] AndroidManifest.xml:17:1-22:12
uses-sdk defined in both files...
Merging uses-sdk with lower [androidx.arch.core:core-runtime:2.2.0] AndroidManifest.xml:20:5-44
Merging library manifest /Users/sabatoiaquino/.gradle/caches/8.13/transforms/3df408a9f4a6ecd953b4712faa1d734b/transformed/core-1.0.0/AndroidManifest.xml
Merging manifest with lower [androidx.window.extensions.core:core:1.0.0] AndroidManifest.xml:2:1-7:12
uses-sdk defined in both files...
Merging uses-sdk with lower [androidx.window.extensions.core:core:1.0.0] AndroidManifest.xml:5:5-44
Merging library manifest /Users/sabatoiaquino/.gradle/caches/8.13/transforms/c91adaebc5b76739c03d95f6d3ab8122/transformed/annotation-experimental-1.4.1/AndroidManifest.xml
Merging manifest with lower [androidx.annotation:annotation-experimental:1.4.1] AndroidManifest.xml:2:1-7:12
uses-sdk defined in both files...
Merging uses-sdk with lower [androidx.annotation:annotation-experimental:1.4.1] AndroidManifest.xml:5:5-44
Merging library manifest /Users/sabatoiaquino/.gradle/caches/8.13/transforms/908aba7b9cbabb782f81f88e44ed4807/transformed/osmdroid-android-6.1.20/AndroidManifest.xml
Merging manifest with lower [org.osmdroid:osmdroid-android:6.1.20] AndroidManifest.xml:2:1-27:12
uses-sdk defined in both files...
Merging uses-sdk with lower [org.osmdroid:osmdroid-android:6.1.20] AndroidManifest.xml:5:5-7:41
Adopted [supports-screens: null]
Adopted [uses-feature: null]
Adopted [uses-feature: null]
Adopted [uses-feature: null]
Adopted [uses-feature: null]
Merging result: SUCCESS
1<?xml version="1.0" encoding="utf-8"?>
2<manifest xmlns:android="http://schemas.android.com/apk/res/android"
3    package="com.hciproject.exploresite"
4    android:versionCode="1"
5    android:versionName="1.0" >
6
7    <uses-sdk
8        android:minSdkVersion="21"
9        android:targetSdkVersion="35" />
10
11    <uses-permission android:name="android.permission.ACCESS_FINE_LOCATION" />
11-->/Users/sabatoiaquino/Documents/Progetto-di-HCI/platform/source/app/src/main/AndroidManifest.xml:5:5-79
11-->/Users/sabatoiaquino/Documents/Progetto-di-HCI/platform/source/app/src/main/AndroidManifest.xml:5:22-76
12    <uses-permission android:name="android.permission.ACCESS_COARSE_LOCATION" />
12-->/Users/sabatoiaquino/Documents/Progetto-di-HCI/platform/source/app/src/main/AndroidManifest.xml:6:5-81
12-->/Users/sabatoiaquino/Documents/Progetto-di-HCI/platform/source/app/src/main/AndroidManifest.xml:6:22-78
13    <uses-permission android:name="android.permission.INTERNET" />
13-->/Users/sabatoiaquino/Documents/Progetto-di-HCI/platform/source/app/src/main/AndroidManifest.xml:7:5-67
13-->/Users/sabatoiaquino/Documents/Progetto-di-HCI/platform/source/app/src/main/AndroidManifest.xml:7:22-64
14    <uses-permission android:name="android.permission.ACCESS_NETWORK_STATE" />
14-->/Users/sabatoiaquino/Documents/Progetto-di-HCI/platform/source/app/src/main/AndroidManifest.xml:8:5-78
14-->/Users/sabatoiaquino/Documents/Progetto-di-HCI/platform/source/app/src/main/AndroidManifest.xml:8:22-76
15    <uses-permission android:name="android.permission.WRITE_EXTERNAL_STORAGE" />
15-->/Users/sabatoiaquino/Documents/Progetto-di-HCI/platform/source/app/src/main/AndroidManifest.xml:9:5-80
15-->/Users/sabatoiaquino/Documents/Progetto-di-HCI/platform/source/app/src/main/AndroidManifest.xml:9:22-78
16
17    <permission
17-->[androidx.core:core:1.13.1] /Users/sabatoiaquino/.gradle/caches/8.13/transforms/7709aa9185aea1a0c25c1c8228c5b41d/transformed/core-1.13.1/AndroidManifest.xml:22:5-24:47
18        android:name="com.hciproject.exploresite.DYNAMIC_RECEIVER_NOT_EXPORTED_PERMISSION"
18-->[androidx.core:core:1.13.1] /Users/sabatoiaquino/.gradle/caches/8.13/transforms/7709aa9185aea1a0c25c1c8228c5b41d/transformed/core-1.13.1/AndroidManifest.xml:23:9-81
19        android:protectionLevel="signature" />
19-->[androidx.core:core:1.13.1] /Users/sabatoiaquino/.gradle/caches/8.13/transforms/7709aa9185aea1a0c25c1c8228c5b41d/transformed/core-1.13.1/AndroidManifest.xml:24:9-44
20
21    <uses-permission android:name="com.hciproject.exploresite.DYNAMIC_RECEIVER_NOT_EXPORTED_PERMISSION" />
21-->[androidx.core:core:1.13.1] /Users/sabatoiaquino/.gradle/caches/8.13/transforms/7709aa9185aea1a0c25c1c8228c5b41d/transformed/core-1.13.1/AndroidManifest.xml:26:5-97
21-->[androidx.core:core:1.13.1] /Users/sabatoiaquino/.gradle/caches/8.13/transforms/7709aa9185aea1a0c25c1c8228c5b41d/transformed/core-1.13.1/AndroidManifest.xml:26:22-94
22
23    <supports-screens
23-->[org.osmdroid:osmdroid-android:6.1.20] /Users/sabatoiaquino/.gradle/caches/8.13/transforms/908aba7b9cbabb782f81f88e44ed4807/transformed/osmdroid-android-6.1.20/AndroidManifest.xml:9:5-12:40
24        android:anyDensity="true"
24-->[org.osmdroid:osmdroid-android:6.1.20] /Users/sabatoiaquino/.gradle/caches/8.13/transforms/908aba7b9cbabb782f81f88e44ed4807/transformed/osmdroid-android-6.1.20/AndroidManifest.xml:10:9-34
25        android:largeScreens="true"
25-->[org.osmdroid:osmdroid-android:6.1.20] /Users/sabatoiaquino/.gradle/caches/8.13/transforms/908aba7b9cbabb782f81f88e44ed4807/transformed/osmdroid-android-6.1.20/AndroidManifest.xml:11:9-36
26        android:normalScreens="true" />
26-->[org.osmdroid:osmdroid-android:6.1.20] /Users/sabatoiaquino/.gradle/caches/8.13/transforms/908aba7b9cbabb782f81f88e44ed4807/transformed/osmdroid-android-6.1.20/AndroidManifest.xml:12:9-37
27
28    <uses-feature
28-->[org.osmdroid:osmdroid-android:6.1.20] /Users/sabatoiaquino/.gradle/caches/8.13/transforms/908aba7b9cbabb782f81f88e44ed4807/transformed/osmdroid-android-6.1.20/AndroidManifest.xml:14:5-16:36
29        android:name="android.hardware.location.network"
29-->[org.osmdroid:osmdroid-android:6.1.20] /Users/sabatoiaquino/.gradle/caches/8.13/transforms/908aba7b9cbabb782f81f88e44ed4807/transformed/osmdroid-android-6.1.20/AndroidManifest.xml:15:9-57
30        android:required="false" />
30-->[org.osmdroid:osmdroid-android:6.1.20] /Users/sabatoiaquino/.gradle/caches/8.13/transforms/908aba7b9cbabb782f81f88e44ed4807/transformed/osmdroid-android-6.1.20/AndroidManifest.xml:16:9-33
31    <uses-feature
31-->[org.osmdroid:osmdroid-android:6.1.20] /Users/sabatoiaquino/.gradle/caches/8.13/transforms/908aba7b9cbabb782f81f88e44ed4807/transformed/osmdroid-android-6.1.20/AndroidManifest.xml:17:5-19:36
32        android:name="android.hardware.location.gps"
32-->[org.osmdroid:osmdroid-android:6.1.20] /Users/sabatoiaquino/.gradle/caches/8.13/transforms/908aba7b9cbabb782f81f88e44ed4807/transformed/osmdroid-android-6.1.20/AndroidManifest.xml:18:9-53
33        android:required="false" />
33-->[org.osmdroid:osmdroid-android:6.1.20] /Users/sabatoiaquino/.gradle/caches/8.13/transforms/908aba7b9cbabb782f81f88e44ed4807/transformed/osmdroid-android-6.1.20/AndroidManifest.xml:19:9-33
34    <uses-feature
34-->[org.osmdroid:osmdroid-android:6.1.20] /Users/sabatoiaquino/.gradle/caches/8.13/transforms/908aba7b9cbabb782f81f88e44ed4807/transformed/osmdroid-android-6.1.20/AndroidManifest.xml:20:5-22:36
35        android:name="android.hardware.telephony"
35-->[org.osmdroid:osmdroid-android:6.1.20] /Users/sabatoiaquino/.gradle/caches/8.13/transforms/908aba7b9cbabb782f81f88e44ed4807/transformed/osmdroid-android-6.1.20/AndroidManifest.xml:21:9-50
36        android:required="false" />
36-->[org.osmdroid:osmdroid-android:6.1.20] /Users/sabatoiaquino/.gradle/caches/8.13/transforms/908aba7b9cbabb782f81f88e44ed4807/transformed/osmdroid-android-6.1.20/AndroidManifest.xml:22:9-33
37    <uses-feature
37-->[org.osmdroid:osmdroid-android:6.1.20] /Users/sabatoiaquino/.gradle/caches/8.13/transforms/908aba7b9cbabb782f81f88e44ed4807/transformed/osmdroid-android-6.1.20/AndroidManifest.xml:23:5-25:36
38        android:name="android.hardware.wifi"
38-->[org.osmdroid:osmdroid-android:6.1.20] /Users/sabatoiaquino/.gradle/caches/8.13/transforms/908aba7b9cbabb782f81f88e44ed4807/transformed/osmdroid-android-6.1.20/AndroidManifest.xml:24:9-45
39        android:required="false" />
39-->[org.osmdroid:osmdroid-android:6.1.20] /Users/sabatoiaquino/.gradle/caches/8.13/transforms/908aba7b9cbabb782f81f88e44ed4807/transformed/osmdroid-android-6.1.20/AndroidManifest.xml:25:9-33
40
41    <application
41-->/Users/sabatoiaquino/Documents/Progetto-di-HCI/platform/source/app/src/main/AndroidManifest.xml:11:5-32:19
42        android:allowBackup="true"
42-->/Users/sabatoiaquino/Documents/Progetto-di-HCI/platform/source/app/src/main/AndroidManifest.xml:12:9-35
43        android:appComponentFactory="androidx.core.app.CoreComponentFactory"
43-->[androidx.core:core:1.13.1] /Users/sabatoiaquino/.gradle/caches/8.13/transforms/7709aa9185aea1a0c25c1c8228c5b41d/transformed/core-1.13.1/AndroidManifest.xml:28:18-86
44        android:dataExtractionRules="@xml/data_extraction_rules"
44-->/Users/sabatoiaquino/Documents/Progetto-di-HCI/platform/source/app/src/main/AndroidManifest.xml:13:9-65
45        android:debuggable="true"
46        android:extractNativeLibs="true"
47        android:fullBackupContent="@xml/backup_rules"
47-->/Users/sabatoiaquino/Documents/Progetto-di-HCI/platform/source/app/src/main/AndroidManifest.xml:14:9-54
48        android:icon="@mipmap/ic_launcher"
48-->/Users/sabatoiaquino/Documents/Progetto-di-HCI/platform/source/app/src/main/AndroidManifest.xml:15:9-43
49        android:label="@string/app_name"
49-->/Users/sabatoiaquino/Documents/Progetto-di-HCI/platform/source/app/src/main/AndroidManifest.xml:16:9-41
50        android:roundIcon="@mipmap/ic_launcher_round"
50-->/Users/sabatoiaquino/Documents/Progetto-di-HCI/platform/source/app/src/main/AndroidManifest.xml:17:9-54
51        android:supportsRtl="true"
51-->/Users/sabatoiaquino/Documents/Progetto-di-HCI/platform/source/app/src/main/AndroidManifest.xml:18:9-35
52        android:theme="@style/Theme.ExploreSite" >
52-->/Users/sabatoiaquino/Documents/Progetto-di-HCI/platform/source/app/src/main/AndroidManifest.xml:19:9-49
53        <activity
53-->/Users/sabatoiaquino/Documents/Progetto-di-HCI/platform/source/app/src/main/AndroidManifest.xml:20:9-31:20
54            android:name="com.hciproject.exploresite.MainActivity"
54-->/Users/sabatoiaquino/Documents/Progetto-di-HCI/platform/source/app/src/main/AndroidManifest.xml:21:13-41
55            android:exported="true"
55-->/Users/sabatoiaquino/Documents/Progetto-di-HCI/platform/source/app/src/main/AndroidManifest.xml:22:13-36
56            android:label="@string/app_name"
56-->/Users/sabatoiaquino/Documents/Progetto-di-HCI/platform/source/app/src/main/AndroidManifest.xml:23:13-45
57            android:screenOrientation="portrait"
57-->/Users/sabatoiaquino/Documents/Progetto-di-HCI/platform/source/app/src/main/AndroidManifest.xml:24:13-49
58            android:theme="@style/Theme.ExploreSite" >
58-->/Users/sabatoiaquino/Documents/Progetto-di-HCI/platform/source/app/src/main/AndroidManifest.xml:25:13-53
59            <intent-filter>
59-->/Users/sabatoiaquino/Documents/Progetto-di-HCI/platform/source/app/src/main/AndroidManifest.xml:26:13-30:29
60                <action android:name="android.intent.action.MAIN" />
60-->/Users/sabatoiaquino/Documents/Progetto-di-HCI/platform/source/app/src/main/AndroidManifest.xml:27:17-69
60-->/Users/sabatoiaquino/Documents/Progetto-di-HCI/platform/source/app/src/main/AndroidManifest.xml:27:25-66
61
62                <category android:name="android.intent.category.LAUNCHER" />
62-->/Users/sabatoiaquino/Documents/Progetto-di-HCI/platform/source/app/src/main/AndroidManifest.xml:29:17-77
62-->/Users/sabatoiaquino/Documents/Progetto-di-HCI/platform/source/app/src/main/AndroidManifest.xml:29:27-74
63            </intent-filter>
64        </activity>
65
66        <service
66-->[com.google.mlkit:translate:17.0.3] /Users/sabatoiaquino/.gradle/caches/8.13/transforms/2644ebc440802694dcae4b93667fd942/transformed/translate-17.0.3/AndroidManifest.xml:11:9-17:19
67            android:name="com.google.mlkit.common.internal.MlKitComponentDiscoveryService"
67-->[com.google.mlkit:translate:17.0.3] /Users/sabatoiaquino/.gradle/caches/8.13/transforms/2644ebc440802694dcae4b93667fd942/transformed/translate-17.0.3/AndroidManifest.xml:12:13-91
68            android:directBootAware="true"
68-->[com.google.mlkit:common:18.11.0] /Users/sabatoiaquino/.gradle/caches/8.13/transforms/9fc09e35069949c672c4f1f09e34fa4d/transformed/common-18.11.0/AndroidManifest.xml:17:13-43
69            android:exported="false" >
69-->[com.google.mlkit:translate:17.0.3] /Users/sabatoiaquino/.gradle/caches/8.13/transforms/2644ebc440802694dcae4b93667fd942/transformed/translate-17.0.3/AndroidManifest.xml:13:13-37
70            <meta-data
70-->[com.google.mlkit:translate:17.0.3] /Users/sabatoiaquino/.gradle/caches/8.13/transforms/2644ebc440802694dcae4b93667fd942/transformed/translate-17.0.3/AndroidManifest.xml:14:13-16:85
71                android:name="com.google.firebase.components:com.google.mlkit.nl.translate.NaturalLanguageTranslateRegistrar"
71-->[com.google.mlkit:translate:17.0.3] /Users/sabatoiaquino/.gradle/caches/8.13/transforms/2644ebc440802694dcae4b93667fd942/transformed/translate-17.0.3/AndroidManifest.xml:15:17-126
72                android:value="com.google.firebase.components.ComponentRegistrar" />
72-->[com.google.mlkit:translate:17.0.3] /Users/sabatoiaquino/.gradle/caches/8.13/transforms/2644ebc440802694dcae4b93667fd942/transformed/translate-17.0.3/AndroidManifest.xml:16:17-82
73            <meta-data
73-->[com.google.mlkit:common:18.11.0] /Users/sabatoiaquino/.gradle/caches/8.13/transforms/9fc09e35069949c672c4f1f09e34fa4d/transformed/common-18.11.0/AndroidManifest.xml:20:13-22:85
74                android:name="com.google.firebase.components:com.google.mlkit.common.internal.CommonComponentRegistrar"
74-->[com.google.mlkit:common:18.11.0] /Users/sabatoiaquino/.gradle/caches/8.13/transforms/9fc09e35069949c672c4f1f09e34fa4d/transformed/common-18.11.0/AndroidManifest.xml:21:17-120
75                android:value="com.google.firebase.components.ComponentRegistrar" />
75-->[com.google.mlkit:common:18.11.0] /Users/sabatoiaquino/.gradle/caches/8.13/transforms/9fc09e35069949c672c4f1f09e34fa4d/transformed/common-18.11.0/AndroidManifest.xml:22:17-82
76        </service>
77
78        <provider
78-->[com.google.mlkit:common:18.11.0] /Users/sabatoiaquino/.gradle/caches/8.13/transforms/9fc09e35069949c672c4f1f09e34fa4d/transformed/common-18.11.0/AndroidManifest.xml:9:9-13:38
79            android:name="com.google.mlkit.common.internal.MlKitInitProvider"
79-->[com.google.mlkit:common:18.11.0] /Users/sabatoiaquino/.gradle/caches/8.13/transforms/9fc09e35069949c672c4f1f09e34fa4d/transformed/common-18.11.0/AndroidManifest.xml:10:13-78
80            android:authorities="com.hciproject.exploresite.mlkitinitprovider"
80-->[com.google.mlkit:common:18.11.0] /Users/sabatoiaquino/.gradle/caches/8.13/transforms/9fc09e35069949c672c4f1f09e34fa4d/transformed/common-18.11.0/AndroidManifest.xml:11:13-69
81            android:exported="false"
81-->[com.google.mlkit:common:18.11.0] /Users/sabatoiaquino/.gradle/caches/8.13/transforms/9fc09e35069949c672c4f1f09e34fa4d/transformed/common-18.11.0/AndroidManifest.xml:12:13-37
82            android:initOrder="99" />
82-->[com.google.mlkit:common:18.11.0] /Users/sabatoiaquino/.gradle/caches/8.13/transforms/9fc09e35069949c672c4f1f09e34fa4d/transformed/common-18.11.0/AndroidManifest.xml:13:13-35
83
84        <activity
84-->[com.google.android.gms:play-services-base:18.5.0] /Users/sabatoiaquino/.gradle/caches/8.13/transforms/0b35277cb0546889a9fc2ee2d48f044c/transformed/play-services-base-18.5.0/AndroidManifest.xml:5:9-173
85            android:name="com.google.android.gms.common.api.GoogleApiActivity"
85-->[com.google.android.gms:play-services-base:18.5.0] /Users/sabatoiaquino/.gradle/caches/8.13/transforms/0b35277cb0546889a9fc2ee2d48f044c/transformed/play-services-base-18.5.0/AndroidManifest.xml:5:19-85
86            android:exported="false"
86-->[com.google.android.gms:play-services-base:18.5.0] /Users/sabatoiaquino/.gradle/caches/8.13/transforms/0b35277cb0546889a9fc2ee2d48f044c/transformed/play-services-base-18.5.0/AndroidManifest.xml:5:146-170
87            android:theme="@android:style/Theme.Translucent.NoTitleBar" />
87-->[com.google.android.gms:play-services-base:18.5.0] /Users/sabatoiaquino/.gradle/caches/8.13/transforms/0b35277cb0546889a9fc2ee2d48f044c/transformed/play-services-base-18.5.0/AndroidManifest.xml:5:86-145
88        <activity
88-->[androidx.compose.ui:ui-tooling-android:1.7.0] /Users/sabatoiaquino/.gradle/caches/8.13/transforms/c2a584231834debbf0b6b6592ef8f382/transformed/ui-tooling-release/AndroidManifest.xml:23:9-25:39
89            android:name="androidx.compose.ui.tooling.PreviewActivity"
89-->[androidx.compose.ui:ui-tooling-android:1.7.0] /Users/sabatoiaquino/.gradle/caches/8.13/transforms/c2a584231834debbf0b6b6592ef8f382/transformed/ui-tooling-release/AndroidManifest.xml:24:13-71
90            android:exported="true" />
90-->[androidx.compose.ui:ui-tooling-android:1.7.0] /Users/sabatoiaquino/.gradle/caches/8.13/transforms/c2a584231834debbf0b6b6592ef8f382/transformed/ui-tooling-release/AndroidManifest.xml:25:13-36
91        <activity
91-->[androidx.compose.ui:ui-test-manifest:1.7.0] /Users/sabatoiaquino/.gradle/caches/8.13/transforms/666ba1e720b55cf6b48d18ee46f4455c/transformed/ui-test-manifest-1.7.0/AndroidManifest.xml:23:9-25:39
92            android:name="androidx.activity.ComponentActivity"
92-->[androidx.compose.ui:ui-test-manifest:1.7.0] /Users/sabatoiaquino/.gradle/caches/8.13/transforms/666ba1e720b55cf6b48d18ee46f4455c/transformed/ui-test-manifest-1.7.0/AndroidManifest.xml:24:13-63
93            android:exported="true" />
93-->[androidx.compose.ui:ui-test-manifest:1.7.0] /Users/sabatoiaquino/.gradle/caches/8.13/transforms/666ba1e720b55cf6b48d18ee46f4455c/transformed/ui-test-manifest-1.7.0/AndroidManifest.xml:25:13-36
94
95        <provider
95-->[androidx.emoji2:emoji2:1.3.0] /Users/sabatoiaquino/.gradle/caches/8.13/transforms/c4dbf0d9b5b5eb1f5d79a88d630bd211/transformed/emoji2-1.3.0/AndroidManifest.xml:24:9-32:20
96            android:name="androidx.startup.InitializationProvider"
96-->[androidx.emoji2:emoji2:1.3.0] /Users/sabatoiaquino/.gradle/caches/8.13/transforms/c4dbf0d9b5b5eb1f5d79a88d630bd211/transformed/emoji2-1.3.0/AndroidManifest.xml:25:13-67
97            android:authorities="com.hciproject.exploresite.androidx-startup"
97-->[androidx.emoji2:emoji2:1.3.0] /Users/sabatoiaquino/.gradle/caches/8.13/transforms/c4dbf0d9b5b5eb1f5d79a88d630bd211/transformed/emoji2-1.3.0/AndroidManifest.xml:26:13-68
98            android:exported="false" >
98-->[androidx.emoji2:emoji2:1.3.0] /Users/sabatoiaquino/.gradle/caches/8.13/transforms/c4dbf0d9b5b5eb1f5d79a88d630bd211/transformed/emoji2-1.3.0/AndroidManifest.xml:27:13-37
99            <meta-data
99-->[androidx.emoji2:emoji2:1.3.0] /Users/sabatoiaquino/.gradle/caches/8.13/transforms/c4dbf0d9b5b5eb1f5d79a88d630bd211/transformed/emoji2-1.3.0/AndroidManifest.xml:29:13-31:52
100                android:name="androidx.emoji2.text.EmojiCompatInitializer"
100-->[androidx.emoji2:emoji2:1.3.0] /Users/sabatoiaquino/.gradle/caches/8.13/transforms/c4dbf0d9b5b5eb1f5d79a88d630bd211/transformed/emoji2-1.3.0/AndroidManifest.xml:30:17-75
101                android:value="androidx.startup" />
101-->[androidx.emoji2:emoji2:1.3.0] /Users/sabatoiaquino/.gradle/caches/8.13/transforms/c4dbf0d9b5b5eb1f5d79a88d630bd211/transformed/emoji2-1.3.0/AndroidManifest.xml:31:17-49
102            <meta-data
102-->[androidx.lifecycle:lifecycle-process:2.8.6] /Users/sabatoiaquino/.gradle/caches/8.13/transforms/4a885b3024b1bea7cf296902034b1cd0/transformed/lifecycle-process-2.8.6/AndroidManifest.xml:29:13-31:52
103                android:name="androidx.lifecycle.ProcessLifecycleInitializer"
103-->[androidx.lifecycle:lifecycle-process:2.8.6] /Users/sabatoiaquino/.gradle/caches/8.13/transforms/4a885b3024b1bea7cf296902034b1cd0/transformed/lifecycle-process-2.8.6/AndroidManifest.xml:30:17-78
104                android:value="androidx.startup" />
104-->[androidx.lifecycle:lifecycle-process:2.8.6] /Users/sabatoiaquino/.gradle/caches/8.13/transforms/4a885b3024b1bea7cf296902034b1cd0/transformed/lifecycle-process-2.8.6/AndroidManifest.xml:31:17-49
105            <meta-data
105-->[androidx.profileinstaller:profileinstaller:1.3.1] /Users/sabatoiaquino/.gradle/caches/8.13/transforms/578892e5f4a93548f9b1e47bb56d0131/transformed/profileinstaller-1.3.1/AndroidManifest.xml:29:13-31:52
106                android:name="androidx.profileinstaller.ProfileInstallerInitializer"
106-->[androidx.profileinstaller:profileinstaller:1.3.1] /Users/sabatoiaquino/.gradle/caches/8.13/transforms/578892e5f4a93548f9b1e47bb56d0131/transformed/profileinstaller-1.3.1/AndroidManifest.xml:30:17-85
107                android:value="androidx.startup" />
107-->[androidx.profileinstaller:profileinstaller:1.3.1] /Users/sabatoiaquino/.gradle/caches/8.13/transforms/578892e5f4a93548f9b1e47bb56d0131/transformed/profileinstaller-1.3.1/AndroidManifest.xml:31:17-49
108        </provider>
109
110        <uses-library
110-->[androidx.window:window:1.3.0] /Users/sabatoiaquino/.gradle/caches/8.13/transforms/78024a6f6e1e8f604e56b54e5ce38c20/transformed/window-1.3.0/AndroidManifest.xml:23:9-25:40
111            android:name="androidx.window.extensions"
111-->[androidx.window:window:1.3.0] /Users/sabatoiaquino/.gradle/caches/8.13/transforms/78024a6f6e1e8f604e56b54e5ce38c20/transformed/window-1.3.0/AndroidManifest.xml:24:13-54
112            android:required="false" />
112-->[androidx.window:window:1.3.0] /Users/sabatoiaquino/.gradle/caches/8.13/transforms/78024a6f6e1e8f604e56b54e5ce38c20/transformed/window-1.3.0/AndroidManifest.xml:25:13-37
113        <uses-library
113-->[androidx.window:window:1.3.0] /Users/sabatoiaquino/.gradle/caches/8.13/transforms/78024a6f6e1e8f604e56b54e5ce38c20/transformed/window-1.3.0/AndroidManifest.xml:26:9-28:40
114            android:name="androidx.window.sidecar"
114-->[androidx.window:window:1.3.0] /Users/sabatoiaquino/.gradle/caches/8.13/transforms/78024a6f6e1e8f604e56b54e5ce38c20/transformed/window-1.3.0/AndroidManifest.xml:27:13-51
115            android:required="false" />
115-->[androidx.window:window:1.3.0] /Users/sabatoiaquino/.gradle/caches/8.13/transforms/78024a6f6e1e8f604e56b54e5ce38c20/transformed/window-1.3.0/AndroidManifest.xml:28:13-37
116
117        <meta-data
117-->[com.google.android.gms:play-services-basement:18.4.0] /Users/sabatoiaquino/.gradle/caches/8.13/transforms/daf712fcd2b276006dc4c1d27157be09/transformed/play-services-basement-18.4.0/AndroidManifest.xml:6:9-122
118            android:name="com.google.android.gms.version"
118-->[com.google.android.gms:play-services-basement:18.4.0] /Users/sabatoiaquino/.gradle/caches/8.13/transforms/daf712fcd2b276006dc4c1d27157be09/transformed/play-services-basement-18.4.0/AndroidManifest.xml:6:20-65
119            android:value="@integer/google_play_services_version" />
119-->[com.google.android.gms:play-services-basement:18.4.0] /Users/sabatoiaquino/.gradle/caches/8.13/transforms/daf712fcd2b276006dc4c1d27157be09/transformed/play-services-basement-18.4.0/AndroidManifest.xml:6:66-119
120
121        <service
121-->[com.google.android.datatransport:transport-backend-cct:2.3.3] /Users/sabatoiaquino/.gradle/caches/8.13/transforms/15236a4dd0dc2844e8f30de2952036dc/transformed/transport-backend-cct-2.3.3/AndroidManifest.xml:29:9-35:19
122            android:name="com.google.android.datatransport.runtime.backends.TransportBackendDiscovery"
122-->[com.google.android.datatransport:transport-backend-cct:2.3.3] /Users/sabatoiaquino/.gradle/caches/8.13/transforms/15236a4dd0dc2844e8f30de2952036dc/transformed/transport-backend-cct-2.3.3/AndroidManifest.xml:30:13-103
123            android:exported="false" >
123-->[com.google.android.datatransport:transport-backend-cct:2.3.3] /Users/sabatoiaquino/.gradle/caches/8.13/transforms/15236a4dd0dc2844e8f30de2952036dc/transformed/transport-backend-cct-2.3.3/AndroidManifest.xml:31:13-37
124            <meta-data
124-->[com.google.android.datatransport:transport-backend-cct:2.3.3] /Users/sabatoiaquino/.gradle/caches/8.13/transforms/15236a4dd0dc2844e8f30de2952036dc/transformed/transport-backend-cct-2.3.3/AndroidManifest.xml:32:13-34:39
125                android:name="backend:com.google.android.datatransport.cct.CctBackendFactory"
125-->[com.google.android.datatransport:transport-backend-cct:2.3.3] /Users/sabatoiaquino/.gradle/caches/8.13/transforms/15236a4dd0dc2844e8f30de2952036dc/transformed/transport-backend-cct-2.3.3/AndroidManifest.xml:33:17-94
126                android:value="cct" />
126-->[com.google.android.datatransport:transport-backend-cct:2.3.3] /Users/sabatoiaquino/.gradle/caches/8.13/transforms/15236a4dd0dc2844e8f30de2952036dc/transformed/transport-backend-cct-2.3.3/AndroidManifest.xml:34:17-36
127        </service>
128        <service
128-->[com.google.android.datatransport:transport-runtime:2.2.6] /Users/sabatoiaquino/.gradle/caches/8.13/transforms/99e3197e5d369121910690ec286c9175/transformed/transport-runtime-2.2.6/AndroidManifest.xml:26:9-30:19
129            android:name="com.google.android.datatransport.runtime.scheduling.jobscheduling.JobInfoSchedulerService"
129-->[com.google.android.datatransport:transport-runtime:2.2.6] /Users/sabatoiaquino/.gradle/caches/8.13/transforms/99e3197e5d369121910690ec286c9175/transformed/transport-runtime-2.2.6/AndroidManifest.xml:27:13-117
130            android:exported="false"
130-->[com.google.android.datatransport:transport-runtime:2.2.6] /Users/sabatoiaquino/.gradle/caches/8.13/transforms/99e3197e5d369121910690ec286c9175/transformed/transport-runtime-2.2.6/AndroidManifest.xml:28:13-37
131            android:permission="android.permission.BIND_JOB_SERVICE" >
131-->[com.google.android.datatransport:transport-runtime:2.2.6] /Users/sabatoiaquino/.gradle/caches/8.13/transforms/99e3197e5d369121910690ec286c9175/transformed/transport-runtime-2.2.6/AndroidManifest.xml:29:13-69
132        </service>
133
134        <receiver
134-->[com.google.android.datatransport:transport-runtime:2.2.6] /Users/sabatoiaquino/.gradle/caches/8.13/transforms/99e3197e5d369121910690ec286c9175/transformed/transport-runtime-2.2.6/AndroidManifest.xml:32:9-34:40
135            android:name="com.google.android.datatransport.runtime.scheduling.jobscheduling.AlarmManagerSchedulerBroadcastReceiver"
135-->[com.google.android.datatransport:transport-runtime:2.2.6] /Users/sabatoiaquino/.gradle/caches/8.13/transforms/99e3197e5d369121910690ec286c9175/transformed/transport-runtime-2.2.6/AndroidManifest.xml:33:13-132
136            android:exported="false" />
136-->[com.google.android.datatransport:transport-runtime:2.2.6] /Users/sabatoiaquino/.gradle/caches/8.13/transforms/99e3197e5d369121910690ec286c9175/transformed/transport-runtime-2.2.6/AndroidManifest.xml:34:13-37
137        <receiver
137-->[androidx.profileinstaller:profileinstaller:1.3.1] /Users/sabatoiaquino/.gradle/caches/8.13/transforms/578892e5f4a93548f9b1e47bb56d0131/transformed/profileinstaller-1.3.1/AndroidManifest.xml:34:9-52:20
138            android:name="androidx.profileinstaller.ProfileInstallReceiver"
138-->[androidx.profileinstaller:profileinstaller:1.3.1] /Users/sabatoiaquino/.gradle/caches/8.13/transforms/578892e5f4a93548f9b1e47bb56d0131/transformed/profileinstaller-1.3.1/AndroidManifest.xml:35:13-76
139            android:directBootAware="false"
139-->[androidx.profileinstaller:profileinstaller:1.3.1] /Users/sabatoiaquino/.gradle/caches/8.13/transforms/578892e5f4a93548f9b1e47bb56d0131/transformed/profileinstaller-1.3.1/AndroidManifest.xml:36:13-44
140            android:enabled="true"
140-->[androidx.profileinstaller:profileinstaller:1.3.1] /Users/sabatoiaquino/.gradle/caches/8.13/transforms/578892e5f4a93548f9b1e47bb56d0131/transformed/profileinstaller-1.3.1/AndroidManifest.xml:37:13-35
141            android:exported="true"
141-->[androidx.profileinstaller:profileinstaller:1.3.1] /Users/sabatoiaquino/.gradle/caches/8.13/transforms/578892e5f4a93548f9b1e47bb56d0131/transformed/profileinstaller-1.3.1/AndroidManifest.xml:38:13-36
142            android:permission="android.permission.DUMP" >
142-->[androidx.profileinstaller:profileinstaller:1.3.1] /Users/sabatoiaquino/.gradle/caches/8.13/transforms/578892e5f4a93548f9b1e47bb56d0131/transformed/profileinstaller-1.3.1/AndroidManifest.xml:39:13-57
143            <intent-filter>
143-->[androidx.profileinstaller:profileinstaller:1.3.1] /Users/sabatoiaquino/.gradle/caches/8.13/transforms/578892e5f4a93548f9b1e47bb56d0131/transformed/profileinstaller-1.3.1/AndroidManifest.xml:40:13-42:29
144                <action android:name="androidx.profileinstaller.action.INSTALL_PROFILE" />
144-->[androidx.profileinstaller:profileinstaller:1.3.1] /Users/sabatoiaquino/.gradle/caches/8.13/transforms/578892e5f4a93548f9b1e47bb56d0131/transformed/profileinstaller-1.3.1/AndroidManifest.xml:41:17-91
144-->[androidx.profileinstaller:profileinstaller:1.3.1] /Users/sabatoiaquino/.gradle/caches/8.13/transforms/578892e5f4a93548f9b1e47bb56d0131/transformed/profileinstaller-1.3.1/AndroidManifest.xml:41:25-88
145            </intent-filter>
146            <intent-filter>
146-->[androidx.profileinstaller:profileinstaller:1.3.1] /Users/sabatoiaquino/.gradle/caches/8.13/transforms/578892e5f4a93548f9b1e47bb56d0131/transformed/profileinstaller-1.3.1/AndroidManifest.xml:43:13-45:29
147                <action android:name="androidx.profileinstaller.action.SKIP_FILE" />
147-->[androidx.profileinstaller:profileinstaller:1.3.1] /Users/sabatoiaquino/.gradle/caches/8.13/transforms/578892e5f4a93548f9b1e47bb56d0131/transformed/profileinstaller-1.3.1/AndroidManifest.xml:44:17-85
147-->[androidx.profileinstaller:profileinstaller:1.3.1] /Users/sabatoiaquino/.gradle/caches/8.13/transforms/578892e5f4a93548f9b1e47bb56d0131/transformed/profileinstaller-1.3.1/AndroidManifest.xml:44:25-82
148            </intent-filter>
149            <intent-filter>
149-->[androidx.profileinstaller:profileinstaller:1.3.1] /Users/sabatoiaquino/.gradle/caches/8.13/transforms/578892e5f4a93548f9b1e47bb56d0131/transformed/profileinstaller-1.3.1/AndroidManifest.xml:46:13-48:29
150                <action android:name="androidx.profileinstaller.action.SAVE_PROFILE" />
150-->[androidx.profileinstaller:profileinstaller:1.3.1] /Users/sabatoiaquino/.gradle/caches/8.13/transforms/578892e5f4a93548f9b1e47bb56d0131/transformed/profileinstaller-1.3.1/AndroidManifest.xml:47:17-88
150-->[androidx.profileinstaller:profileinstaller:1.3.1] /Users/sabatoiaquino/.gradle/caches/8.13/transforms/578892e5f4a93548f9b1e47bb56d0131/transformed/profileinstaller-1.3.1/AndroidManifest.xml:47:25-85
151            </intent-filter>
152            <intent-filter>
152-->[androidx.profileinstaller:profileinstaller:1.3.1] /Users/sabatoiaquino/.gradle/caches/8.13/transforms/578892e5f4a93548f9b1e47bb56d0131/transformed/profileinstaller-1.3.1/AndroidManifest.xml:49:13-51:29
153                <action android:name="androidx.profileinstaller.action.BENCHMARK_OPERATION" />
153-->[androidx.profileinstaller:profileinstaller:1.3.1] /Users/sabatoiaquino/.gradle/caches/8.13/transforms/578892e5f4a93548f9b1e47bb56d0131/transformed/profileinstaller-1.3.1/AndroidManifest.xml:50:17-95
153-->[androidx.profileinstaller:profileinstaller:1.3.1] /Users/sabatoiaquino/.gradle/caches/8.13/transforms/578892e5f4a93548f9b1e47bb56d0131/transformed/profileinstaller-1.3.1/AndroidManifest.xml:50:25-92
154            </intent-filter>
155        </receiver>
156    </application>
157
158</manifest>

Merged manifest saved to /Users/sabatoiaquino/Documents/Progetto-di-HCI/platform/source/app/build/intermediates/merged_manifest/debug/processDebugMainManifest/AndroidManifest.xml
Resolve mutations for :app:processDebugManifest (Thread[Execution worker Thread 14,5,main]) started.
:app:processDebugManifest (Thread[Execution worker Thread 14,5,main]) started.

> Task :app:processDebugManifest
Caching disabled for task ':app:processDebugManifest' because:
  Build cache is disabled
Task ':app:processDebugManifest' is not up-to-date because:
  Output property 'multiApkManifestOutputDirectory' file /Users/sabatoiaquino/Documents/Progetto-di-HCI/platform/source/app/build/intermediates/merged_manifests/debug/processDebugManifest has been removed.
  Output property 'multiApkManifestOutputDirectory' file /Users/sabatoiaquino/Documents/Progetto-di-HCI/platform/source/app/build/intermediates/merged_manifests/debug/processDebugManifest/AndroidManifest.xml has been removed.
  Output property 'multiApkManifestOutputDirectory' file /Users/sabatoiaquino/Documents/Progetto-di-HCI/platform/source/app/build/intermediates/merged_manifests/debug/processDebugManifest/output-metadata.json has been removed.
Resolve mutations for :app:processDebugManifestForPackage (Thread[Execution worker Thread 14,5,main]) started.
:app:processDebugManifestForPackage (Thread[Execution worker Thread 14,5,main]) started.
Resolve mutations for :app:javaPreCompileDebug (Thread[Execution worker Thread 9,5,main]) started.
:app:javaPreCompileDebug (Thread[Execution worker Thread 9,5,main]) started.
Resolve mutations for :app:mergeDebugShaders (Thread[Execution worker Thread 5,5,main]) started.
:app:mergeDebugShaders (Thread[Execution worker Thread 5,5,main]) started.

> Task :app:javaPreCompileDebug
Caching disabled for task ':app:javaPreCompileDebug' because:
  Build cache is disabled
Task ':app:javaPreCompileDebug' is not up-to-date because:
  Output property 'annotationProcessorListFile' file /Users/sabatoiaquino/Documents/Progetto-di-HCI/platform/source/app/build/intermediates/annotation_processor_list/debug/javaPreCompileDebug/annotationProcessors.json has been removed.

> Task :app:mergeDebugShaders
Caching disabled for task ':app:mergeDebugShaders' because:
  Build cache is disabled
  Simple merging task
Task ':app:mergeDebugShaders' is not up-to-date because:
  Output property 'outputDir' file /Users/sabatoiaquino/Documents/Progetto-di-HCI/platform/source/app/build/intermediates/merged_shaders/debug/mergeDebugShaders/out has been removed.
The input changes require a full rebuild for incremental task ':app:mergeDebugShaders'.
Resolve mutations for :app:compileDebugShaders (Thread[Execution worker Thread 9,5,main]) started.
:app:compileDebugShaders (Thread[Execution worker Thread 9,5,main]) started.

> Task :app:compileDebugShaders NO-SOURCE
Skipping task ':app:compileDebugShaders' as it has no source files and no previous output files.
Resolve mutations for :app:generateDebugAssets (Thread[Execution worker Thread 9,5,main]) started.
:app:generateDebugAssets (Thread[Execution worker Thread 9,5,main]) started.

> Task :app:generateDebugAssets UP-TO-DATE
Skipping task ':app:generateDebugAssets' as it has no actions.

> Task :app:processDebugManifestForPackage
Custom actions are attached to task ':app:processDebugManifestForPackage'.
Caching disabled for task ':app:processDebugManifestForPackage' because:
  Build cache is disabled
Task ':app:processDebugManifestForPackage' is not up-to-date because:
  Output property 'packageManifests' file /Users/sabatoiaquino/Documents/Progetto-di-HCI/platform/source/app/build/intermediates/packaged_manifests/debug/processDebugManifestForPackage has been removed.
  Output property 'packageManifests' file /Users/sabatoiaquino/Documents/Progetto-di-HCI/platform/source/app/build/intermediates/packaged_manifests/debug/processDebugManifestForPackage/AndroidManifest.xml has been removed.
  Output property 'packageManifests' file /Users/sabatoiaquino/Documents/Progetto-di-HCI/platform/source/app/build/intermediates/packaged_manifests/debug/processDebugManifestForPackage/output-metadata.json has been removed.
Resolve mutations for :app:processDebugResources (Thread[Execution worker Thread 14,5,main]) started.
:app:processDebugResources (Thread[Execution worker Thread 14,5,main]) started.
Resolve mutations for :app:mergeDebugAssets (Thread[Execution worker Thread 9,5,main]) started.
:app:mergeDebugAssets (Thread[Execution worker Thread 9,5,main]) started.

> Task :app:mergeDebugAssets
Caching disabled for task ':app:mergeDebugAssets' because:
  Build cache is disabled
  Simple merging task
Task ':app:mergeDebugAssets' is not up-to-date because:
  Output property 'outputDir' file /Users/sabatoiaquino/Documents/Progetto-di-HCI/platform/source/app/build/intermediates/assets/debug/mergeDebugAssets has been removed.
The input changes require a full rebuild for incremental task ':app:mergeDebugAssets'.
Resolve mutations for :app:compressDebugAssets (Thread[Execution worker Thread 2,5,main]) started.
:app:compressDebugAssets (Thread[Execution worker Thread 9,5,main]) started.

> Task :app:compressDebugAssets
Caching disabled for task ':app:compressDebugAssets' because:
  Build cache is disabled
Task ':app:compressDebugAssets' is not up-to-date because:
  Output property 'outputDir' file /Users/sabatoiaquino/Documents/Progetto-di-HCI/platform/source/app/build/intermediates/compressed_assets/debug/compressDebugAssets/out has been removed.
The input changes require a full rebuild for incremental task ':app:compressDebugAssets'.
Resolve mutations for :app:checkDebugDuplicateClasses (Thread[Execution worker Thread 2,5,main]) started.
:app:checkDebugDuplicateClasses (Thread[Execution worker Thread 2,5,main]) started.
Resolve mutations for :app:desugarDebugFileDependencies (Thread[Execution worker Thread 10,5,main]) started.
:app:desugarDebugFileDependencies (Thread[Execution worker Thread 10,5,main]) started.

> Task :app:desugarDebugFileDependencies
Caching disabled for task ':app:desugarDebugFileDependencies' because:
  Build cache is disabled
Task ':app:desugarDebugFileDependencies' is not up-to-date because:
  Value of input property 'minSdkVersion' has changed for task ':app:desugarDebugFileDependencies'
Resolve mutations for :app:mergeDebugJniLibFolders (Thread[Execution worker Thread 13,5,main]) started.
:app:mergeDebugJniLibFolders (Thread[Execution worker Thread 13,5,main]) started.

> Task :app:mergeDebugJniLibFolders
Caching disabled for task ':app:mergeDebugJniLibFolders' because:
  Build cache is disabled
  Simple merging task
Task ':app:mergeDebugJniLibFolders' is not up-to-date because:
  Output property 'outputDir' file /Users/sabatoiaquino/Documents/Progetto-di-HCI/platform/source/app/build/intermediates/merged_jni_libs/debug/mergeDebugJniLibFolders/out has been removed.
The input changes require a full rebuild for incremental task ':app:mergeDebugJniLibFolders'.
Resolve mutations for :app:mergeDebugNativeLibs (Thread[Execution worker Thread 13,5,main]) started.
:app:mergeDebugNativeLibs (Thread[Execution worker Thread 13,5,main]) started.

> Task :app:checkDebugDuplicateClasses
Caching disabled for task ':app:checkDebugDuplicateClasses' because:
  Build cache is disabled
  Caching has been disabled for the task
Task ':app:checkDebugDuplicateClasses' is not up-to-date because:
  Output property 'dummyOutputDirectory' file /Users/sabatoiaquino/Documents/Progetto-di-HCI/platform/source/app/build/intermediates/duplicate_classes_check/debug/checkDebugDuplicateClasses has been removed.
Resolve mutations for :app:mergeExtDexDebug (Thread[Execution worker Thread 9,5,main]) started.
:app:mergeExtDexDebug (Thread[Execution worker Thread 9,5,main]) started.
Resolve mutations for :app:mergeLibDexDebug (Thread[Execution worker Thread 2,5,main]) started.
:app:mergeLibDexDebug (Thread[Execution worker Thread 2,5,main]) started.
Resolve mutations for :app:validateSigningDebug (Thread[Execution worker Thread 15,5,main]) started.
:app:validateSigningDebug (Thread[Execution worker Thread 15,5,main]) started.

> Task :app:mergeLibDexDebug
Caching disabled for task ':app:mergeLibDexDebug' because:
  Build cache is disabled
Task ':app:mergeLibDexDebug' is not up-to-date because:
  Value of input property 'sharedParams.minSdkVersion' has changed for task ':app:mergeLibDexDebug'
The input changes require a full rebuild for incremental task ':app:mergeLibDexDebug'.

> Task :app:validateSigningDebug
Caching disabled for task ':app:validateSigningDebug' because:
  Build cache is disabled
  Caching has been disabled for the task
Task ':app:validateSigningDebug' is not up-to-date because:
  Output property 'dummyOutputDirectory' file /Users/sabatoiaquino/Documents/Progetto-di-HCI/platform/source/app/build/intermediates/validate_signing_config/debug/validateSigningDebug has been removed.
Resolve mutations for :app:writeDebugAppMetadata (Thread[Execution worker Thread 15,5,main]) started.
:app:writeDebugAppMetadata (Thread[Execution worker Thread 15,5,main]) started.

> Task :app:writeDebugAppMetadata
Caching disabled for task ':app:writeDebugAppMetadata' because:
  Build cache is disabled
  Caching has been disabled for the task
Task ':app:writeDebugAppMetadata' is not up-to-date because:
  Output property 'outputFile' file /Users/sabatoiaquino/Documents/Progetto-di-HCI/platform/source/app/build/intermediates/app_metadata/debug/writeDebugAppMetadata/app-metadata.properties has been removed.
Resolve mutations for :app:writeDebugSigningConfigVersions (Thread[Execution worker Thread 15,5,main]) started.
:app:writeDebugSigningConfigVersions (Thread[Execution worker Thread 15,5,main]) started.

> Task :app:writeDebugSigningConfigVersions
Caching disabled for task ':app:writeDebugSigningConfigVersions' because:
  Build cache is disabled
  Caching has been disabled for the task
Task ':app:writeDebugSigningConfigVersions' is not up-to-date because:
  Value of input property 'enableV1Signing' has changed for task ':app:writeDebugSigningConfigVersions'

> Task :app:mergeDebugNativeLibs
Caching disabled for task ':app:mergeDebugNativeLibs' because:
  Build cache is disabled
  Caching has been disabled for the task
Task ':app:mergeDebugNativeLibs' is not up-to-date because:
  Output property 'outputDir' file /Users/sabatoiaquino/Documents/Progetto-di-HCI/platform/source/app/build/intermediates/merged_native_libs/debug/mergeDebugNativeLibs/out has been removed.
  Output property 'outputDir' file /Users/sabatoiaquino/Documents/Progetto-di-HCI/platform/source/app/build/intermediates/merged_native_libs/debug/mergeDebugNativeLibs/out/lib has been removed.
  Output property 'outputDir' file /Users/sabatoiaquino/Documents/Progetto-di-HCI/platform/source/app/build/intermediates/merged_native_libs/debug/mergeDebugNativeLibs/out/lib/arm64-v8a has been removed.
  and more...
Resolve mutations for :app:stripDebugDebugSymbols (Thread[Execution worker Thread 13,5,main]) started.
:app:stripDebugDebugSymbols (Thread[Execution worker Thread 15,5,main]) started.

> Task :app:stripDebugDebugSymbols
Caching disabled for task ':app:stripDebugDebugSymbols' because:
  Build cache is disabled
  Caching has been disabled for the task
Task ':app:stripDebugDebugSymbols' is not up-to-date because:
  Output property 'outputDir' file /Users/sabatoiaquino/Documents/Progetto-di-HCI/platform/source/app/build/intermediates/stripped_native_libs/debug/stripDebugDebugSymbols/out has been removed.
  Output property 'outputDir' file /Users/sabatoiaquino/Documents/Progetto-di-HCI/platform/source/app/build/intermediates/stripped_native_libs/debug/stripDebugDebugSymbols/out/lib has been removed.
  Output property 'outputDir' file /Users/sabatoiaquino/Documents/Progetto-di-HCI/platform/source/app/build/intermediates/stripped_native_libs/debug/stripDebugDebugSymbols/out/lib/arm64-v8a has been removed.
  and more...
The input changes require a full rebuild for incremental task ':app:stripDebugDebugSymbols'.
C/C++: android.ndkVersion from module build.gradle is [27.0.12077973]
C/C++: android.ndkVersion from module build.gradle is [27.0.12077973]
C/C++: android.ndkVersion from module build.gradle is [27.0.12077973]
C/C++: android.ndkVersion from module build.gradle is [27.0.12077973]
C/C++: android.ndkVersion from module build.gradle is [27.0.12077973]
C/C++: android.ndkVersion from module build.gradle is [27.0.12077973]
C/C++: android.ndkVersion from module build.gradle is [27.0.12077973]
C/C++: android.ndkVersion from module build.gradle is [27.0.12077973]
C/C++: android.ndkPath from module build.gradle is not set
C/C++: android.ndkPath from module build.gradle is not set
C/C++: android.ndkPath from module build.gradle is not set
C/C++: android.ndkPath from module build.gradle is not set
C/C++: android.ndkPath from module build.gradle is not set
C/C++: android.ndkPath from module build.gradle is not set
C/C++: android.ndkPath from module build.gradle is not set
C/C++: ndk.dir in local.properties is not set
C/C++: ndk.dir in local.properties is not set
C/C++: ndk.dir in local.properties is not set
C/C++: ndk.dir in local.properties is not set
C/C++: ndk.dir in local.properties is not set
C/C++: ndk.dir in local.properties is not set
C/C++: android.ndkPath from module build.gradle is not set
C/C++: Not considering ANDROID_NDK_HOME because support was removed after deprecation period.
C/C++: Not considering ANDROID_NDK_HOME because support was removed after deprecation period.
C/C++: Not considering ANDROID_NDK_HOME because support was removed after deprecation period.
C/C++: Not considering ANDROID_NDK_HOME because support was removed after deprecation period.
C/C++: Not considering ANDROID_NDK_HOME because support was removed after deprecation period.
C/C++: Not considering ANDROID_NDK_HOME because support was removed after deprecation period.
C/C++: ndk.dir in local.properties is not set
C/C++: sdkFolder is /Users/sabatoiaquino/Library/Android/sdk
C/C++: sdkFolder is /Users/sabatoiaquino/Library/Android/sdk
C/C++: sdkFolder is /Users/sabatoiaquino/Library/Android/sdk
C/C++: sdkFolder is /Users/sabatoiaquino/Library/Android/sdk
C/C++: NDK side-by-side folder from sdkFolder /Users/sabatoiaquino/Library/Android/sdk/ndk does not exist
C/C++: sdkFolder is /Users/sabatoiaquino/Library/Android/sdk
C/C++: sdkFolder is /Users/sabatoiaquino/Library/Android/sdk
C/C++: ndk.dir in local.properties is not set
C/C++: NDK side-by-side folder from sdkFolder /Users/sabatoiaquino/Library/Android/sdk/ndk does not exist
C/C++: Folder /Users/sabatoiaquino/Library/Android/sdk/ndk/27.0.12077973 does not exist. Ignoring.
C/C++: NDK side-by-side folder from sdkFolder /Users/sabatoiaquino/Library/Android/sdk/ndk does not exist
C/C++: NDK side-by-side folder from sdkFolder /Users/sabatoiaquino/Library/Android/sdk/ndk does not exist
C/C++: NDK side-by-side folder from sdkFolder /Users/sabatoiaquino/Library/Android/sdk/ndk does not exist
C/C++: Folder /Users/sabatoiaquino/Library/Android/sdk/ndk/27.0.12077973 does not exist. Ignoring.
C/C++: Folder /Users/sabatoiaquino/Library/Android/sdk/ndk/27.0.12077973 does not exist. Ignoring.
C/C++: NDK side-by-side folder from sdkFolder /Users/sabatoiaquino/Library/Android/sdk/ndk does not exist
C/C++: Not considering ANDROID_NDK_HOME because support was removed after deprecation period.
C/C++: sdkFolder is /Users/sabatoiaquino/Library/Android/sdk
C/C++: Folder /Users/sabatoiaquino/Library/Android/sdk/ndk/27.0.12077973 does not exist. Ignoring.
C/C++: Folder /Users/sabatoiaquino/Library/Android/sdk/ndk-bundle does not exist. Ignoring.
C/C++: Folder /Users/sabatoiaquino/Library/Android/sdk/ndk-bundle does not exist. Ignoring.
C/C++: Folder /Users/sabatoiaquino/Library/Android/sdk/ndk/27.0.12077973 does not exist. Ignoring.
C/C++: Folder /Users/sabatoiaquino/Library/Android/sdk/ndk-bundle does not exist. Ignoring.
C/C++: Folder /Users/sabatoiaquino/Library/Android/sdk/ndk/27.0.12077973 does not exist. Ignoring.
C/C++: Not considering ANDROID_NDK_HOME because support was removed after deprecation period.
C/C++: Folder /Users/sabatoiaquino/Library/Android/sdk/ndk-bundle does not exist. Ignoring.
C/C++: Folder /Users/sabatoiaquino/Library/Android/sdk/ndk-bundle does not exist. Ignoring.
C/C++: Folder /Users/sabatoiaquino/Library/Android/sdk/ndk-bundle does not exist. Ignoring.
C/C++: NDK side-by-side folder from sdkFolder /Users/sabatoiaquino/Library/Android/sdk/ndk does not exist
C/C++: sdkFolder is /Users/sabatoiaquino/Library/Android/sdk
C/C++: Folder /Users/sabatoiaquino/Library/Android/sdk/ndk/27.0.12077973 does not exist. Ignoring.
C/C++: NDK side-by-side folder from sdkFolder /Users/sabatoiaquino/Library/Android/sdk/ndk does not exist
C/C++: Folder /Users/sabatoiaquino/Library/Android/sdk/ndk-bundle does not exist. Ignoring.
C/C++: Folder /Users/sabatoiaquino/Library/Android/sdk/ndk/27.0.12077973 does not exist. Ignoring.
C/C++: Folder /Users/sabatoiaquino/Library/Android/sdk/ndk-bundle does not exist. Ignoring.
Unable to strip library '/Users/sabatoiaquino/Documents/Progetto-di-HCI/platform/source/app/build/intermediates/merged_native_libs/debug/mergeDebugNativeLibs/out/lib/x86_64/libtranslate_jni.so' due to missing strip tool for ABI 'x86_64'. Packaging it as is.
Unable to strip library '/Users/sabatoiaquino/Documents/Progetto-di-HCI/platform/source/app/build/intermediates/merged_native_libs/debug/mergeDebugNativeLibs/out/lib/arm64-v8a/libandroidx.graphics.path.so' due to missing strip tool for ABI 'arm64-v8a'. Packaging it as is.
Unable to strip library '/Users/sabatoiaquino/Documents/Progetto-di-HCI/platform/source/app/build/intermediates/merged_native_libs/debug/mergeDebugNativeLibs/out/lib/x86_64/libandroidx.graphics.path.so' due to missing strip tool for ABI 'x86_64'. Packaging it as is.
Unable to strip library '/Users/sabatoiaquino/Documents/Progetto-di-HCI/platform/source/app/build/intermediates/merged_native_libs/debug/mergeDebugNativeLibs/out/lib/arm64-v8a/libtranslate_jni.so' due to missing strip tool for ABI 'arm64-v8a'. Packaging it as is.
Unable to strip library '/Users/sabatoiaquino/Documents/Progetto-di-HCI/platform/source/app/build/intermediates/merged_native_libs/debug/mergeDebugNativeLibs/out/lib/armeabi-v7a/libandroidx.graphics.path.so' due to missing strip tool for ABI 'armeabi-v7a'. Packaging it as is.
Unable to strip library '/Users/sabatoiaquino/Documents/Progetto-di-HCI/platform/source/app/build/intermediates/merged_native_libs/debug/mergeDebugNativeLibs/out/lib/x86/libandroidx.graphics.path.so' due to missing strip tool for ABI 'x86'. Packaging it as is.
Unable to strip library '/Users/sabatoiaquino/Documents/Progetto-di-HCI/platform/source/app/build/intermediates/merged_native_libs/debug/mergeDebugNativeLibs/out/lib/x86/libtranslate_jni.so' due to missing strip tool for ABI 'x86'. Packaging it as is.
Unable to strip library '/Users/sabatoiaquino/Documents/Progetto-di-HCI/platform/source/app/build/intermediates/merged_native_libs/debug/mergeDebugNativeLibs/out/lib/armeabi-v7a/libtranslate_jni.so' due to missing strip tool for ABI 'armeabi-v7a'. Packaging it as is.
Unable to strip the following libraries, packaging them as they are: libandroidx.graphics.path.so, libtranslate_jni.so. Run with --info option to learn more.

> Task :app:processDebugResources
Caching disabled for task ':app:processDebugResources' because:
  Build cache is disabled
Task ':app:processDebugResources' is not up-to-date because:
  Value of input property 'useStableIds' has changed for task ':app:processDebugResources'
The input changes require a full rebuild for incremental task ':app:processDebugResources'.
AAPT2 aapt2-8.13.2-14304508-osx Daemon #0: starting
Aapt output file /Users/sabatoiaquino/Documents/Progetto-di-HCI/platform/source/app/build/intermediates/linked_resources_binary_format/debug/processDebugResources/linked-resources-binary-format-debug.ap_
Resolve mutations for :app:compileDebugKotlin (Thread[Execution worker Thread 15,5,main]) started.
:app:compileDebugKotlin (Thread[Execution worker Thread 15,5,main]) started.

> Task :app:mergeExtDexDebug
Caching disabled for task ':app:mergeExtDexDebug' because:
  Build cache is disabled
Task ':app:mergeExtDexDebug' is not up-to-date because:
  Value of input property 'sharedParams.minSdkVersion' has changed for task ':app:mergeExtDexDebug'
The input changes require a full rebuild for incremental task ':app:mergeExtDexDebug'.
Merging to '/Users/sabatoiaquino/Documents/Progetto-di-HCI/platform/source/app/build/intermediates/dex/debug/mergeExtDexDebug' with D8 from all or a subset of dex files in /Users/sabatoiaquino/.gradle/caches/8.13/transforms/6eaec95d7e0375ea754535cfc67b7911/transformed/translate-17.0.3-runtime, /Users/sabatoiaquino/.gradle/caches/8.13/transforms/70319bd6891fc17b3fa746a87d539a77/transformed/play-services-location-21.2.0-runtime, /Users/sabatoiaquino/.gradle/caches/8.13/transforms/890d93b09701baf1b7c68edadde1b3e7/transformed/common-18.11.0-runtime, /Users/sabatoiaquino/.gradle/caches/8.13/transforms/6bd1f1876649001b6f9126356c262772/transformed/play-services-base-18.5.0-runtime, /Users/sabatoiaquino/.gradle/caches/8.13/transforms/1a0ccf1987fddbb14223e973f77c7499/transformed/material3-adaptive-navigation-suite-release-runtime, /Users/sabatoiaquino/.gradle/caches/8.13/transforms/9245b115b53a215f8f8c46e274f407f4/transformed/material3-release-runtime, /Users/sabatoiaquino/.gradle/caches/8.13/transforms/d4d5e0aa0fa5a1eab17f4193b6383157/transformed/material-release-runtime, /Users/sabatoiaquino/.gradle/caches/8.13/transforms/ea8d335d74dde1159eed22cf173178be/transformed/material-ripple-release-runtime, /Users/sabatoiaquino/.gradle/caches/8.13/transforms/838c56b578d7e7126834ecdfaef59783/transformed/adaptive-release-runtime, /Users/sabatoiaquino/.gradle/caches/8.13/transforms/56c7c57ac4a2adfd878f547dadcd5d51/transformed/foundation-release-runtime, /Users/sabatoiaquino/.gradle/caches/8.13/transforms/a3219c69f0be4bbde9c354b7b67d8317/transformed/animation-release-runtime, /Users/sabatoiaquino/.gradle/caches/8.13/transforms/11638ff66a0be087cf39cec728352cd6/transformed/foundation-layout-release-runtime, /Users/sabatoiaquino/.gradle/caches/8.13/transforms/9b63b0b178ead805aa751e74923c3490/transformed/animation-core-release-runtime, /Users/sabatoiaquino/.gradle/caches/8.13/transforms/ac24650a89ebae7ff0c3470b452b2ede/transformed/ui-tooling-data-release-runtime, /Users/sabatoiaquino/.gradle/caches/8.13/transforms/607aec3fd2e10649a4c13dcc51d21926/transformed/ui-unit-release-runtime, /Users/sabatoiaquino/.gradle/caches/8.13/transforms/4b00027f151726af3abb2c42c7c23be5/transformed/ui-geometry-release-runtime, /Users/sabatoiaquino/.gradle/caches/8.13/transforms/40986144a9eac16ec5a73117af039480/transformed/ui-util-release-runtime, /Users/sabatoiaquino/.gradle/caches/8.13/transforms/093d2709a0167a44150706ba80e0a9c4/transformed/ui-text-release-runtime, /Users/sabatoiaquino/.gradle/caches/8.13/transforms/ad9f895c44a0b384701bde15d48acd50/transformed/ui-tooling-preview-release-runtime, /Users/sabatoiaquino/.gradle/caches/8.13/transforms/7fe7f9997db04769ffa9df041da6b536/transformed/ui-tooling-release-runtime, /Users/sabatoiaquino/.gradle/caches/8.13/transforms/7d42319c5418b1fef51fd7a737b8ab41/transformed/ui-graphics-release-runtime, /Users/sabatoiaquino/.gradle/caches/8.13/transforms/4773387a0294413cb514d958475fbbb5/transformed/material-icons-core-release-runtime, /Users/sabatoiaquino/.gradle/caches/8.13/transforms/b98e9700f214f4d01a7fc29d750cf7f3/transformed/ui-release-runtime, /Users/sabatoiaquino/.gradle/caches/8.13/transforms/9676844c2c2728f035b80bceb8724e25/transformed/appcompat-resources-1.6.1-runtime, /Users/sabatoiaquino/.gradle/caches/8.13/transforms/5387e49435709ca752e962403ed45098/transformed/appcompat-1.6.1-runtime, /Users/sabatoiaquino/.gradle/caches/8.13/transforms/d4f2da7c69ee04371fdc63fc2d881788/transformed/fragment-1.3.6-runtime, /Users/sabatoiaquino/.gradle/caches/8.13/transforms/4c147a0d3113a2e028c5c0f0f4f15e34/transformed/activity-1.9.3-runtime, /Users/sabatoiaquino/.gradle/caches/8.13/transforms/8b63405281d1f1ad81b2af5093f806ff/transformed/activity-compose-1.9.3-runtime, /Users/sabatoiaquino/.gradle/caches/8.13/transforms/4dfca1f2e548d16a9ff05f624a668ddc/transformed/savedstate-ktx-1.2.1-runtime, /Users/sabatoiaquino/.gradle/caches/8.13/transforms/d1b6bf4cb62ad9cd566a763301a11c10/transformed/savedstate-1.2.1-runtime, /Users/sabatoiaquino/.gradle/caches/8.13/transforms/e5957d1d6fb9099d25abe59b58bdc871/transformed/loader-1.0.0-runtime, /Users/sabatoiaquino/.gradle/caches/8.13/transforms/f1cb587685640e8b3ed274fe34ab5b4f/transformed/emoji2-views-helper-1.3.0-runtime, /Users/sabatoiaquino/.gradle/caches/8.13/transforms/d7d104530253721556be3abdd947493f/transformed/emoji2-1.3.0-runtime, /Users/sabatoiaquino/.gradle/caches/8.13/transforms/c70567cbca349bea7899da538988f319/transformed/lifecycle-process-2.8.6-runtime, /Users/sabatoiaquino/.gradle/caches/8.13/transforms/d36d594da1565cf7f403f4e74fcd8db3/transformed/lifecycle-livedata-2.8.6-runtime, /Users/sabatoiaquino/.gradle/caches/8.13/transforms/96d386625fb2e6b82abd25c040f66541/transformed/lifecycle-common-jvm-2.8.6, /Users/sabatoiaquino/.gradle/caches/8.13/transforms/5efeb43b402d58ff6245070c33b96dd2/transformed/lifecycle-runtime-compose-release-runtime, /Users/sabatoiaquino/.gradle/caches/8.13/transforms/a308bf2aa0b041689ae9cf6296a71450/transformed/lifecycle-livedata-core-2.8.6-runtime, /Users/sabatoiaquino/.gradle/caches/8.13/transforms/66a6411bea7de52267ebc2b1089209ac/transformed/lifecycle-viewmodel-savedstate-2.8.6-runtime, /Users/sabatoiaquino/.gradle/caches/8.13/transforms/e805ae38f7e62a0f4e3cffdc406c27e6/transformed/lifecycle-viewmodel-release-runtime, /Users/sabatoiaquino/.gradle/caches/8.13/transforms/b29bbf800cd88d99abb31d0bf0ef2afc/transformed/lifecycle-runtime-release-runtime, /Users/sabatoiaquino/.gradle/caches/8.13/transforms/134a745618eb08b7fd55b26998f85c01/transformed/window-core-release-runtime, /Users/sabatoiaquino/.gradle/caches/8.13/transforms/76ba448455e3fbed7e1f64b6a24ad464/transformed/window-1.3.0-runtime, /Users/sabatoiaquino/.gradle/caches/8.13/transforms/41fa93c1bd2139a91cb025cb4fce974d/transformed/runtime-saveable-release-runtime, /Users/sabatoiaquino/.gradle/caches/8.13/transforms/d64385c86bf7d6e5901022d2efb94db9/transformed/runtime-release-runtime, /Users/sabatoiaquino/.gradle/caches/8.13/transforms/deaf6b4046a31724bbfc15aa9ffe15d1/transformed/kotlinx-coroutines-android-1.9.0, /Users/sabatoiaquino/.gradle/caches/8.13/transforms/9686b417ba5d82f3316f66114f9256cb/transformed/kotlinx-coroutines-core-jvm-1.9.0, /Users/sabatoiaquino/.gradle/caches/8.13/transforms/c1831585edca812501de04d275418b48/transformed/kotlinx-coroutines-play-services-1.9.0, /Users/sabatoiaquino/.gradle/caches/8.13/transforms/35a8a513253650cc0ee6954140b02faa/transformed/play-services-tasks-18.2.0-runtime, /Users/sabatoiaquino/.gradle/caches/8.13/transforms/51b753fbd0cc4322de3d76658da39f1d/transformed/play-services-basement-18.4.0-runtime, /Users/sabatoiaquino/.gradle/caches/8.13/transforms/92b6751ddf0ba5c2e254f0c6698c14fb/transformed/autofill-1.0.0-runtime, /Users/sabatoiaquino/.gradle/caches/8.13/transforms/cc344a60ffdf6aac1c6191b05118792e/transformed/graphics-path-1.0.1-runtime, /Users/sabatoiaquino/.gradle/caches/8.13/transforms/9dd23094780c5ef4dd2020224f992fe1/transformed/drawerlayout-1.0.0-runtime, /Users/sabatoiaquino/.gradle/caches/8.13/transforms/a18e24a62a8fd77187c6751b0c7aac96/transformed/viewpager-1.0.0-runtime, /Users/sabatoiaquino/.gradle/caches/8.13/transforms/794a340f5cea724c2f3d69b3702e5447/transformed/vectordrawable-animated-1.1.0-runtime, /Users/sabatoiaquino/.gradle/caches/8.13/transforms/1a1b08af2bbc87a63d4025270959fc5a/transformed/vectordrawable-1.1.0-runtime, /Users/sabatoiaquino/.gradle/caches/8.13/transforms/c1b2bde7e8a0664d25fd68f76a2ebbc3/transformed/customview-1.0.0-runtime, /Users/sabatoiaquino/.gradle/caches/8.13/transforms/e6b8f38fc28c6949d9199dd7cda66b68/transformed/core-1.13.1-runtime, /Users/sabatoiaquino/.gradle/caches/8.13/transforms/bb17f8bb3736c4c8dcea33c680187292/transformed/customview-poolingcontainer-1.0.0-runtime, /Users/sabatoiaquino/.gradle/caches/8.13/transforms/596efe9094a82ffc54b85d80168c113c/transformed/core-ktx-1.13.1-runtime, /Users/sabatoiaquino/.gradle/caches/8.13/transforms/89c94e8b71e61c606a556c1ae613598c/transformed/transport-backend-cct-2.3.3-runtime, /Users/sabatoiaquino/.gradle/caches/8.13/transforms/309089581a36e9455bcae7b1f71570f1/transformed/transport-runtime-2.2.6-runtime, /Users/sabatoiaquino/.gradle/caches/8.13/transforms/03d4d02b2e7f0310239ebfd4399e53a3/transformed/transport-api-2.2.1-runtime, /Users/sabatoiaquino/.gradle/caches/8.13/transforms/8bda9b09870ad4776c61ba48ed58d450/transformed/firebase-components-16.1.0-runtime, /Users/sabatoiaquino/.gradle/caches/8.13/transforms/695c40f42aec21eeb70446fd4616d4d1/transformed/firebase-encoders-json-17.1.0-runtime, /Users/sabatoiaquino/.gradle/caches/8.13/transforms/7f2bb2430406967d349155f4b1456586/transformed/firebase-encoders-16.1.0, /Users/sabatoiaquino/.gradle/caches/8.13/transforms/cedbefacbc0683a74ab4444cf88c516e/transformed/interpolator-1.0.0-runtime, /Users/sabatoiaquino/.gradle/caches/8.13/transforms/82e0e25d05c87548c87e6006bb87b27b/transformed/versionedparcelable-1.1.1-runtime, /Users/sabatoiaquino/.gradle/caches/8.13/transforms/5852f7e230ae530d9734388c34f14899/transformed/profileinstaller-1.3.1-runtime, /Users/sabatoiaquino/.gradle/caches/8.13/transforms/f71c63a45cbd968aeb0cd946bd07b36d/transformed/startup-runtime-1.1.1-runtime, /Users/sabatoiaquino/.gradle/caches/8.13/transforms/27e2f18ba7a361e166873a871bdd2930/transformed/tracing-1.0.0-runtime, /Users/sabatoiaquino/.gradle/caches/8.13/transforms/bcacb74b4c0fc347e9924973ced51f06/transformed/cursoradapter-1.0.0-runtime, /Users/sabatoiaquino/.gradle/caches/8.13/transforms/484fb92e27c9ae42784d60b51fc8bf42/transformed/resourceinspection-annotation-1.0.1, /Users/sabatoiaquino/.gradle/caches/8.13/transforms/68d85f38d98e24fc5919ae0fcf1552c3/transformed/core-runtime-2.2.0-runtime, /Users/sabatoiaquino/.gradle/caches/8.13/transforms/544f9bab15eaf90a517e1807b7234041/transformed/core-common-2.2.0, /Users/sabatoiaquino/.gradle/caches/8.13/transforms/b2b9bac465dc31ce7d178ab615dedeba/transformed/concurrent-futures-1.1.0, /Users/sabatoiaquino/.gradle/caches/8.13/transforms/7e7e9759cc906331f9590d4b5333fc57/transformed/collection-jvm-1.4.0, /Users/sabatoiaquino/.gradle/caches/8.13/transforms/cc295bd411b2991edec8c05befd5181d/transformed/core-1.0.0-runtime, /Users/sabatoiaquino/.gradle/caches/8.13/transforms/5010ef9b15fdd0eb5970d18dfad9a70d/transformed/annotation-jvm-1.8.0, /Users/sabatoiaquino/.gradle/caches/8.13/transforms/0acd992e437e39063d5d520452f55654/transformed/annotation-experimental-1.4.1-runtime, /Users/sabatoiaquino/.gradle/caches/8.13/transforms/22b2082e626864d1b239d95710d70989/transformed/kotlin-stdlib-2.0.21, /Users/sabatoiaquino/.gradle/caches/8.13/transforms/53dd480634dccf062d3b06b6eb84016a/transformed/osmdroid-android-6.1.20-runtime, /Users/sabatoiaquino/.gradle/caches/8.13/transforms/1adcbb95256a5d077cfbda8a2556c79b/transformed/annotations-23.0.0, /Users/sabatoiaquino/.gradle/caches/8.13/transforms/5c95921a1b77e4ee66ed32805d02ba3a/transformed/okhttp-3.0.0, /Users/sabatoiaquino/.gradle/caches/8.13/transforms/c78bb7ec3a0b828727f7d679b64b69d2/transformed/javax.inject-1, /Users/sabatoiaquino/.gradle/caches/8.13/transforms/55f22d139e156570ddc6963ee57d896b/transformed/firebase-annotations-16.0.0, /Users/sabatoiaquino/.gradle/caches/8.13/transforms/8c657e33329c301a05f00c9682ec6304/transformed/okio-1.6.0, /Users/sabatoiaquino/.gradle/caches/8.13/transforms/2048801238a942385433bc8d25956415/transformed/listenablefuture-1.0, and from all global synthetics files in 

> Task :app:compileDebugKotlin FAILED
Adding -Xuse-inline-scopes-numbers Kotlin compiler flag for task :app:compileDebugAndroidTestKotlin
Caching disabled for task ':app:compileDebugKotlin' because:
  Build cache is disabled
Task ':app:compileDebugKotlin' is not up-to-date because:
  Value of input property 'kotlinJavaToolchainProvider.javaVersion' has changed for task ':app:compileDebugKotlin'
The input changes require a full rebuild for incremental task ':app:compileDebugKotlin'.
file or directory '/Users/sabatoiaquino/Documents/Progetto-di-HCI/platform/source/app/src/debug/kotlin', not found
file or directory '/Users/sabatoiaquino/Documents/Progetto-di-HCI/platform/source/app/src/debug/java', not found
file or directory '/Users/sabatoiaquino/Documents/Progetto-di-HCI/platform/source/app/src/debug/kotlin', not found
file or directory '/Users/sabatoiaquino/Documents/Progetto-di-HCI/platform/source/app/src/debug/java', not found
file or directory '/Users/sabatoiaquino/Documents/Progetto-di-HCI/platform/source/app/src/debug/kotlin', not found
file or directory '/Users/sabatoiaquino/Documents/Progetto-di-HCI/platform/source/app/src/debug/java', not found
file or directory '/Users/sabatoiaquino/Documents/Progetto-di-HCI/platform/source/app/src/main/kotlin', not found
file or directory '/Users/sabatoiaquino/Documents/Progetto-di-HCI/platform/source/app/src/main/kotlin', not found
file or directory '/Users/sabatoiaquino/Documents/Progetto-di-HCI/platform/source/app/src/main/kotlin', not found
file or directory '/Users/sabatoiaquino/Documents/Progetto-di-HCI/platform/source/app/src/debug/java', not found
file or directory '/Users/sabatoiaquino/Documents/Progetto-di-HCI/platform/source/app/src/debug/kotlin', not found
file or directory '/Users/sabatoiaquino/Documents/Progetto-di-HCI/platform/source/app/src/debug/java', not found
file or directory '/Users/sabatoiaquino/Documents/Progetto-di-HCI/platform/source/app/src/debug/kotlin', not found
file or directory '/Users/sabatoiaquino/Documents/Progetto-di-HCI/platform/source/app/src/debug/java', not found
file or directory '/Users/sabatoiaquino/Documents/Progetto-di-HCI/platform/source/app/src/debug/kotlin', not found
file or directory '/Users/sabatoiaquino/Documents/Progetto-di-HCI/platform/source/app/src/debug/java', not found
file or directory '/Users/sabatoiaquino/Documents/Progetto-di-HCI/platform/source/app/src/main/kotlin', not found
file or directory '/Users/sabatoiaquino/Documents/Progetto-di-HCI/platform/source/app/src/debug/kotlin', not found
file or directory '/Users/sabatoiaquino/Documents/Progetto-di-HCI/platform/source/app/src/debug/java', not found
file or directory '/Users/sabatoiaquino/Documents/Progetto-di-HCI/platform/source/app/src/debug/kotlin', not found
file or directory '/Users/sabatoiaquino/Documents/Progetto-di-HCI/platform/source/app/src/debug/java', not found
file or directory '/Users/sabatoiaquino/Documents/Progetto-di-HCI/platform/source/app/src/debug/kotlin', not found
file or directory '/Users/sabatoiaquino/Documents/Progetto-di-HCI/platform/source/app/src/debug/java', not found
file or directory '/Users/sabatoiaquino/Documents/Progetto-di-HCI/platform/source/app/src/main/kotlin', not found
file or directory '/Users/sabatoiaquino/Documents/Progetto-di-HCI/platform/source/app/src/main/kotlin', not found
file or directory '/Users/sabatoiaquino/Documents/Progetto-di-HCI/platform/source/app/src/main/kotlin', not found
file or directory '/Users/sabatoiaquino/Documents/Progetto-di-HCI/platform/source/app/src/debug/java', not found
file or directory '/Users/sabatoiaquino/Documents/Progetto-di-HCI/platform/source/app/src/debug/kotlin', not found
file or directory '/Users/sabatoiaquino/Documents/Progetto-di-HCI/platform/source/app/src/debug/java', not found
file or directory '/Users/sabatoiaquino/Documents/Progetto-di-HCI/platform/source/app/src/debug/kotlin', not found
file or directory '/Users/sabatoiaquino/Documents/Progetto-di-HCI/platform/source/app/src/debug/java', not found
file or directory '/Users/sabatoiaquino/Documents/Progetto-di-HCI/platform/source/app/src/debug/kotlin', not found
file or directory '/Users/sabatoiaquino/Documents/Progetto-di-HCI/platform/source/app/src/debug/java', not found
file or directory '/Users/sabatoiaquino/Documents/Progetto-di-HCI/platform/source/app/src/main/kotlin', not found
file or directory '/Users/sabatoiaquino/Documents/Progetto-di-HCI/platform/source/app/src/main/kotlin', not found
file or directory '/Users/sabatoiaquino/Documents/Progetto-di-HCI/platform/source/app/src/main/kotlin', not found
file or directory '/Users/sabatoiaquino/Documents/Progetto-di-HCI/platform/source/app/src/debug/java', not found
file or directory '/Users/sabatoiaquino/Documents/Progetto-di-HCI/platform/source/app/src/debug/kotlin', not found
file or directory '/Users/sabatoiaquino/Documents/Progetto-di-HCI/platform/source/app/src/debug/java', not found
file or directory '/Users/sabatoiaquino/Documents/Progetto-di-HCI/platform/source/app/src/debug/kotlin', not found
file or directory '/Users/sabatoiaquino/Documents/Progetto-di-HCI/platform/source/app/src/debug/java', not found
file or directory '/Users/sabatoiaquino/Documents/Progetto-di-HCI/platform/source/app/src/debug/kotlin', not found
file or directory '/Users/sabatoiaquino/Documents/Progetto-di-HCI/platform/source/app/src/debug/java', not found
file or directory '/Users/sabatoiaquino/Documents/Progetto-di-HCI/platform/source/app/src/main/kotlin', not found
file or directory '/Users/sabatoiaquino/Documents/Progetto-di-HCI/platform/source/app/src/main/kotlin', not found
file or directory '/Users/sabatoiaquino/Documents/Progetto-di-HCI/platform/source/app/src/main/kotlin', not found
file or directory '/Users/sabatoiaquino/Documents/Progetto-di-HCI/platform/source/app/src/debug/java', not found
Kotlin source files: /Users/sabatoiaquino/Documents/Progetto-di-HCI/platform/source/app/src/main/java/com/hciproject/exploresite/ui/theme/Color.kt, /Users/sabatoiaquino/Documents/Progetto-di-HCI/platform/source/app/src/main/java/com/hciproject/exploresite/ui/theme/Theme.kt, /Users/sabatoiaquino/Documents/Progetto-di-HCI/platform/source/app/src/main/java/com/hciproject/exploresite/ui/theme/Type.kt, /Users/sabatoiaquino/Documents/Progetto-di-HCI/platform/source/app/src/main/java/com/hciproject/exploresite/MainActivity.kt, /Users/sabatoiaquino/Documents/Progetto-di-HCI/platform/source/app/src/main/java/com/hciproject/exploresite/poi/POIDetailsPage.kt, /Users/sabatoiaquino/Documents/Progetto-di-HCI/platform/source/app/src/main/java/com/hciproject/exploresite/poi/MapPOI.kt, /Users/sabatoiaquino/Documents/Progetto-di-HCI/platform/source/app/src/main/java/com/hciproject/exploresite/MapPage.kt, /Users/sabatoiaquino/Documents/Progetto-di-HCI/platform/source/app/src/main/java/com/hciproject/exploresite/TranslationManager.kt
Java source files: 
Script source files: 
Script file extensions: 
Using Kotlin/JVM incremental compilation
[KOTLIN] Kotlin compilation 'jdkHome' argument: null
Options for KOTLIN DAEMON: IncrementalCompilationOptions(super=CompilationOptions(compilerMode=INCREMENTAL_COMPILER, targetPlatform=JVM, reportCategories=[0, 3], reportSeverity=2, requestedCompilationResults=[0], kotlinScriptExtensions=[]), areFileChangesKnown=false, modifiedFiles=null, deletedFiles=null, classpathChanges=NotAvailableForNonIncrementalRun, workingDir=/Users/sabatoiaquino/Documents/Progetto-di-HCI/platform/source/app/build/kotlin/compileDebugKotlin/cacheable, multiModuleICSettings=MultiModuleICSettings(buildHistoryFile=/Users/sabatoiaquino/Documents/Progetto-di-HCI/platform/source/app/build/kotlin/compileDebugKotlin/local-state/build-history.bin, useModuleDetection=true), usePreciseJavaTracking=true, icFeatures=IncrementalCompilationFeatures(withAbiSnapshot=false, preciseCompilationResultsBackup=true, keepIncrementalCompilationCachesInMemory=true, enableUnsafeIncrementalCompilationForMultiplatform=false), outputFiles=[/Users/sabatoiaquino/Documents/Progetto-di-HCI/platform/source/app/build/tmp/kotlin-classes/debug, /Users/sabatoiaquino/Documents/Progetto-di-HCI/platform/source/app/build/kotlin/compileDebugKotlin/cacheable, /Users/sabatoiaquino/Documents/Progetto-di-HCI/platform/source/app/build/kotlin/compileDebugKotlin/local-state])
e: file:///Users/sabatoiaquino/Documents/Progetto-di-HCI/platform/source/app/src/main/java/com/hciproject/exploresite/MainActivity.kt:194:17 No value passed for parameter 'currentLanguage'.
e: file:///Users/sabatoiaquino/Documents/Progetto-di-HCI/platform/source/app/src/main/java/com/hciproject/exploresite/MainActivity.kt:194:17 No value passed for parameter 'onLanguageChange'.
Finished executing kotlin compiler using DAEMON strategy
AAPT2 aapt2-8.13.2-14304508-osx Daemon #0: shutdown

FAILURE: Build failed with an exception.

* What went wrong:
Execution failed for task ':app:compileDebugKotlin'.
> A failure occurred while executing org.jetbrains.kotlin.compilerRunner.GradleCompilerRunnerWithWorkers$GradleKotlinCompilerWorkAction
   > Compilation error. See log for more details

* Try:
> Run with --debug option to get more log output.
> Run with --scan to get full insights.
> Get more help at https://help.gradle.org.

* Exception is:
org.gradle.api.tasks.TaskExecutionException: Execution failed for task ':app:compileDebugKotlin'.
	at org.gradle.api.internal.tasks.execution.ExecuteActionsTaskExecuter.lambda$executeIfValid$1(ExecuteActionsTaskExecuter.java:130)
	at org.gradle.internal.Try$Failure.ifSuccessfulOrElse(Try.java:293)
	at org.gradle.api.internal.tasks.execution.ExecuteActionsTaskExecuter.executeIfValid(ExecuteActionsTaskExecuter.java:128)
	at org.gradle.api.internal.tasks.execution.ExecuteActionsTaskExecuter.execute(ExecuteActionsTaskExecuter.java:116)
	at org.gradle.api.internal.tasks.execution.ProblemsTaskPathTrackingTaskExecuter.execute(ProblemsTaskPathTrackingTaskExecuter.java:40)
	at org.gradle.api.internal.tasks.execution.FinalizePropertiesTaskExecuter.execute(FinalizePropertiesTaskExecuter.java:46)
	at org.gradle.api.internal.tasks.execution.ResolveTaskExecutionModeExecuter.execute(ResolveTaskExecutionModeExecuter.java:51)
	at org.gradle.api.internal.tasks.execution.SkipTaskWithNoActionsExecuter.execute(SkipTaskWithNoActionsExecuter.java:57)
	at org.gradle.api.internal.tasks.execution.SkipOnlyIfTaskExecuter.execute(SkipOnlyIfTaskExecuter.java:74)
	at org.gradle.api.internal.tasks.execution.CatchExceptionTaskExecuter.execute(CatchExceptionTaskExecuter.java:36)
	at org.gradle.api.internal.tasks.execution.EventFiringTaskExecuter$1.executeTask(EventFiringTaskExecuter.java:77)
	at org.gradle.api.internal.tasks.execution.EventFiringTaskExecuter$1.call(EventFiringTaskExecuter.java:55)
	at org.gradle.api.internal.tasks.execution.EventFiringTaskExecuter$1.call(EventFiringTaskExecuter.java:52)
	at org.gradle.internal.operations.DefaultBuildOperationRunner$CallableBuildOperationWorker.execute(DefaultBuildOperationRunner.java:210)
	at org.gradle.internal.operations.DefaultBuildOperationRunner$CallableBuildOperationWorker.execute(DefaultBuildOperationRunner.java:205)
	at org.gradle.internal.operations.DefaultBuildOperationRunner$2.execute(DefaultBuildOperationRunner.java:67)
	at org.gradle.internal.operations.DefaultBuildOperationRunner$2.execute(DefaultBuildOperationRunner.java:60)
	at org.gradle.internal.operations.DefaultBuildOperationRunner.execute(DefaultBuildOperationRunner.java:167)
	at org.gradle.internal.operations.DefaultBuildOperationRunner.execute(DefaultBuildOperationRunner.java:60)
	at org.gradle.internal.operations.DefaultBuildOperationRunner.call(DefaultBuildOperationRunner.java:54)
	at org.gradle.api.internal.tasks.execution.EventFiringTaskExecuter.execute(EventFiringTaskExecuter.java:52)
	at org.gradle.execution.plan.LocalTaskNodeExecutor.execute(LocalTaskNodeExecutor.java:42)
	at org.gradle.execution.taskgraph.DefaultTaskExecutionGraph$InvokeNodeExecutorsAction.execute(DefaultTaskExecutionGraph.java:331)
	at org.gradle.execution.taskgraph.DefaultTaskExecutionGraph$InvokeNodeExecutorsAction.execute(DefaultTaskExecutionGraph.java:318)
	at org.gradle.execution.taskgraph.DefaultTaskExecutionGraph$BuildOperationAwareExecutionAction.lambda$execute$0(DefaultTaskExecutionGraph.java:314)
	at org.gradle.internal.operations.CurrentBuildOperationRef.with(CurrentBuildOperationRef.java:85)
	at org.gradle.execution.taskgraph.DefaultTaskExecutionGraph$BuildOperationAwareExecutionAction.execute(DefaultTaskExecutionGraph.java:314)
	at org.gradle.execution.taskgraph.DefaultTaskExecutionGraph$BuildOperationAwareExecutionAction.execute(DefaultTaskExecutionGraph.java:303)
	at org.gradle.execution.plan.DefaultPlanExecutor$ExecutorWorker.execute(DefaultPlanExecutor.java:459)
	at org.gradle.execution.plan.DefaultPlanExecutor$ExecutorWorker.run(DefaultPlanExecutor.java:376)
	at org.gradle.internal.concurrent.ExecutorPolicy$CatchAndRecordFailures.onExecute(ExecutorPolicy.java:64)
	at org.gradle.internal.concurrent.AbstractManagedExecutor$1.run(AbstractManagedExecutor.java:48)
Caused by: org.gradle.workers.internal.DefaultWorkerExecutor$WorkExecutionException: A failure occurred while executing org.jetbrains.kotlin.compilerRunner.GradleCompilerRunnerWithWorkers$GradleKotlinCompilerWorkAction
	at org.gradle.workers.internal.DefaultWorkerExecutor$WorkItemExecution.waitForCompletion(DefaultWorkerExecutor.java:287)
	at org.gradle.internal.work.DefaultAsyncWorkTracker.lambda$waitForItemsAndGatherFailures$2(DefaultAsyncWorkTracker.java:130)
	at org.gradle.internal.Factories$1.create(Factories.java:31)
	at org.gradle.internal.work.DefaultWorkerLeaseService.withoutLocks(DefaultWorkerLeaseService.java:335)
	at org.gradle.internal.work.DefaultWorkerLeaseService.withoutLocks(DefaultWorkerLeaseService.java:318)
	at org.gradle.internal.work.DefaultWorkerLeaseService.withoutLock(DefaultWorkerLeaseService.java:323)
	at org.gradle.internal.work.DefaultAsyncWorkTracker.waitForItemsAndGatherFailures(DefaultAsyncWorkTracker.java:126)
	at org.gradle.internal.work.DefaultAsyncWorkTracker.waitForItemsAndGatherFailures(DefaultAsyncWorkTracker.java:92)
	at org.gradle.internal.work.DefaultAsyncWorkTracker.waitForAll(DefaultAsyncWorkTracker.java:78)
	at org.gradle.internal.work.DefaultAsyncWorkTracker.waitForCompletion(DefaultAsyncWorkTracker.java:66)
	at org.gradle.api.internal.tasks.execution.TaskExecution$3.run(TaskExecution.java:252)
	at org.gradle.internal.operations.DefaultBuildOperationRunner$1.execute(DefaultBuildOperationRunner.java:30)
	at org.gradle.internal.operations.DefaultBuildOperationRunner$1.execute(DefaultBuildOperationRunner.java:27)
	at org.gradle.internal.operations.DefaultBuildOperationRunner$2.execute(DefaultBuildOperationRunner.java:67)
	at org.gradle.internal.operations.DefaultBuildOperationRunner$2.execute(DefaultBuildOperationRunner.java:60)
	at org.gradle.internal.operations.DefaultBuildOperationRunner.execute(DefaultBuildOperationRunner.java:167)
	at org.gradle.internal.operations.DefaultBuildOperationRunner.execute(DefaultBuildOperationRunner.java:60)
	at org.gradle.internal.operations.DefaultBuildOperationRunner.run(DefaultBuildOperationRunner.java:48)
	at org.gradle.api.internal.tasks.execution.TaskExecution.executeAction(TaskExecution.java:229)
	at org.gradle.api.internal.tasks.execution.TaskExecution.executeActions(TaskExecution.java:212)
	at org.gradle.api.internal.tasks.execution.TaskExecution.executeWithPreviousOutputFiles(TaskExecution.java:195)
	at org.gradle.api.internal.tasks.execution.TaskExecution.execute(TaskExecution.java:162)
	at org.gradle.internal.execution.steps.ExecuteStep.executeInternal(ExecuteStep.java:105)
	at org.gradle.internal.execution.steps.ExecuteStep.access$000(ExecuteStep.java:44)
	at org.gradle.internal.execution.steps.ExecuteStep$1.call(ExecuteStep.java:59)
	at org.gradle.internal.execution.steps.ExecuteStep$1.call(ExecuteStep.java:56)
	at org.gradle.internal.operations.DefaultBuildOperationRunner$CallableBuildOperationWorker.execute(DefaultBuildOperationRunner.java:210)
	at org.gradle.internal.operations.DefaultBuildOperationRunner$CallableBuildOperationWorker.execute(DefaultBuildOperationRunner.java:205)
	at org.gradle.internal.operations.DefaultBuildOperationRunner$2.execute(DefaultBuildOperationRunner.java:67)
	at org.gradle.internal.operations.DefaultBuildOperationRunner$2.execute(DefaultBuildOperationRunner.java:60)
	at org.gradle.internal.operations.DefaultBuildOperationRunner.execute(DefaultBuildOperationRunner.java:167)
	at org.gradle.internal.operations.DefaultBuildOperationRunner.execute(DefaultBuildOperationRunner.java:60)
	at org.gradle.internal.operations.DefaultBuildOperationRunner.call(DefaultBuildOperationRunner.java:54)
	at org.gradle.internal.execution.steps.ExecuteStep.execute(ExecuteStep.java:56)
	at org.gradle.internal.execution.steps.ExecuteStep.execute(ExecuteStep.java:44)
	at org.gradle.internal.execution.steps.CancelExecutionStep.execute(CancelExecutionStep.java:42)
	at org.gradle.internal.execution.steps.TimeoutStep.executeWithoutTimeout(TimeoutStep.java:75)
	at org.gradle.internal.execution.steps.TimeoutStep.execute(TimeoutStep.java:55)
	at org.gradle.internal.execution.steps.PreCreateOutputParentsStep.execute(PreCreateOutputParentsStep.java:50)
	at org.gradle.internal.execution.steps.PreCreateOutputParentsStep.execute(PreCreateOutputParentsStep.java:28)
	at org.gradle.internal.execution.steps.RemovePreviousOutputsStep.execute(RemovePreviousOutputsStep.java:67)
	at org.gradle.internal.execution.steps.RemovePreviousOutputsStep.execute(RemovePreviousOutputsStep.java:37)
	at org.gradle.internal.execution.steps.BroadcastChangingOutputsStep.execute(BroadcastChangingOutputsStep.java:61)
	at org.gradle.internal.execution.steps.BroadcastChangingOutputsStep.execute(BroadcastChangingOutputsStep.java:26)
	at org.gradle.internal.execution.steps.CaptureOutputsAfterExecutionStep.execute(CaptureOutputsAfterExecutionStep.java:69)
	at org.gradle.internal.execution.steps.CaptureOutputsAfterExecutionStep.execute(CaptureOutputsAfterExecutionStep.java:46)
	at org.gradle.internal.execution.steps.ResolveInputChangesStep.execute(ResolveInputChangesStep.java:40)
	at org.gradle.internal.execution.steps.ResolveInputChangesStep.execute(ResolveInputChangesStep.java:29)
	at org.gradle.internal.execution.steps.BuildCacheStep.executeWithoutCache(BuildCacheStep.java:189)
	at org.gradle.internal.execution.steps.BuildCacheStep.lambda$execute$1(BuildCacheStep.java:75)
	at org.gradle.internal.Either$Right.fold(Either.java:175)
	at org.gradle.internal.execution.caching.CachingState.fold(CachingState.java:62)
	at org.gradle.internal.execution.steps.BuildCacheStep.execute(BuildCacheStep.java:73)
	at org.gradle.internal.execution.steps.BuildCacheStep.execute(BuildCacheStep.java:48)
	at org.gradle.internal.execution.steps.StoreExecutionStateStep.execute(StoreExecutionStateStep.java:46)
	at org.gradle.internal.execution.steps.StoreExecutionStateStep.execute(StoreExecutionStateStep.java:35)
	at org.gradle.internal.execution.steps.SkipUpToDateStep.executeBecause(SkipUpToDateStep.java:75)
	at org.gradle.internal.execution.steps.SkipUpToDateStep.lambda$execute$2(SkipUpToDateStep.java:53)
	at org.gradle.internal.execution.steps.SkipUpToDateStep.execute(SkipUpToDateStep.java:53)
	at org.gradle.internal.execution.steps.SkipUpToDateStep.execute(SkipUpToDateStep.java:35)
	at org.gradle.internal.execution.steps.legacy.MarkSnapshottingInputsFinishedStep.execute(MarkSnapshottingInputsFinishedStep.java:37)
	at org.gradle.internal.execution.steps.legacy.MarkSnapshottingInputsFinishedStep.execute(MarkSnapshottingInputsFinishedStep.java:27)
	at org.gradle.internal.execution.steps.ResolveIncrementalCachingStateStep.executeDelegate(ResolveIncrementalCachingStateStep.java:49)
	at org.gradle.internal.execution.steps.ResolveIncrementalCachingStateStep.executeDelegate(ResolveIncrementalCachingStateStep.java:27)
	at org.gradle.internal.execution.steps.AbstractResolveCachingStateStep.execute(AbstractResolveCachingStateStep.java:71)
	at org.gradle.internal.execution.steps.AbstractResolveCachingStateStep.execute(AbstractResolveCachingStateStep.java:39)
	at org.gradle.internal.execution.steps.ResolveChangesStep.execute(ResolveChangesStep.java:65)
	at org.gradle.internal.execution.steps.ResolveChangesStep.execute(ResolveChangesStep.java:36)
	at org.gradle.internal.execution.steps.ValidateStep.execute(ValidateStep.java:107)
	at org.gradle.internal.execution.steps.ValidateStep.execute(ValidateStep.java:56)
	at org.gradle.internal.execution.steps.AbstractCaptureStateBeforeExecutionStep.execute(AbstractCaptureStateBeforeExecutionStep.java:64)
	at org.gradle.internal.execution.steps.AbstractCaptureStateBeforeExecutionStep.execute(AbstractCaptureStateBeforeExecutionStep.java:43)
	at org.gradle.internal.execution.steps.AbstractSkipEmptyWorkStep.executeWithNonEmptySources(AbstractSkipEmptyWorkStep.java:125)
	at org.gradle.internal.execution.steps.AbstractSkipEmptyWorkStep.execute(AbstractSkipEmptyWorkStep.java:61)
	at org.gradle.internal.execution.steps.AbstractSkipEmptyWorkStep.execute(AbstractSkipEmptyWorkStep.java:36)
	at org.gradle.internal.execution.steps.legacy.MarkSnapshottingInputsStartedStep.execute(MarkSnapshottingInputsStartedStep.java:38)
	at org.gradle.internal.execution.steps.LoadPreviousExecutionStateStep.execute(LoadPreviousExecutionStateStep.java:36)
	at org.gradle.internal.execution.steps.LoadPreviousExecutionStateStep.execute(LoadPreviousExecutionStateStep.java:23)
	at org.gradle.internal.execution.steps.HandleStaleOutputsStep.execute(HandleStaleOutputsStep.java:75)
	at org.gradle.internal.execution.steps.HandleStaleOutputsStep.execute(HandleStaleOutputsStep.java:41)
	at org.gradle.internal.execution.steps.AssignMutableWorkspaceStep.lambda$execute$0(AssignMutableWorkspaceStep.java:35)
	at org.gradle.api.internal.tasks.execution.TaskExecution$4.withWorkspace(TaskExecution.java:289)
	at org.gradle.internal.execution.steps.AssignMutableWorkspaceStep.execute(AssignMutableWorkspaceStep.java:31)
	at org.gradle.internal.execution.steps.AssignMutableWorkspaceStep.execute(AssignMutableWorkspaceStep.java:22)
	at org.gradle.internal.execution.steps.ChoosePipelineStep.execute(ChoosePipelineStep.java:40)
	at org.gradle.internal.execution.steps.ChoosePipelineStep.execute(ChoosePipelineStep.java:23)
	at org.gradle.internal.execution.steps.ExecuteWorkBuildOperationFiringStep.lambda$execute$2(ExecuteWorkBuildOperationFiringStep.java:67)
	at org.gradle.internal.execution.steps.ExecuteWorkBuildOperationFiringStep.execute(ExecuteWorkBuildOperationFiringStep.java:67)
	at org.gradle.internal.execution.steps.ExecuteWorkBuildOperationFiringStep.execute(ExecuteWorkBuildOperationFiringStep.java:39)
	at org.gradle.internal.execution.steps.IdentityCacheStep.execute(IdentityCacheStep.java:46)
	at org.gradle.internal.execution.steps.IdentityCacheStep.execute(IdentityCacheStep.java:34)
	at org.gradle.internal.execution.steps.IdentifyStep.execute(IdentifyStep.java:48)
	at org.gradle.internal.execution.steps.IdentifyStep.execute(IdentifyStep.java:35)
	at org.gradle.internal.execution.impl.DefaultExecutionEngine$1.execute(DefaultExecutionEngine.java:61)
	at org.gradle.api.internal.tasks.execution.ExecuteActionsTaskExecuter.executeIfValid(ExecuteActionsTaskExecuter.java:127)
	at org.gradle.api.internal.tasks.execution.ExecuteActionsTaskExecuter.execute(ExecuteActionsTaskExecuter.java:116)
	at org.gradle.api.internal.tasks.execution.ProblemsTaskPathTrackingTaskExecuter.execute(ProblemsTaskPathTrackingTaskExecuter.java:40)
	at org.gradle.api.internal.tasks.execution.FinalizePropertiesTaskExecuter.execute(FinalizePropertiesTaskExecuter.java:46)
	at org.gradle.api.internal.tasks.execution.ResolveTaskExecutionModeExecuter.execute(ResolveTaskExecutionModeExecuter.java:51)
	at org.gradle.api.internal.tasks.execution.SkipTaskWithNoActionsExecuter.execute(SkipTaskWithNoActionsExecuter.java:57)
	at org.gradle.api.internal.tasks.execution.SkipOnlyIfTaskExecuter.execute(SkipOnlyIfTaskExecuter.java:74)
	at org.gradle.api.internal.tasks.execution.CatchExceptionTaskExecuter.execute(CatchExceptionTaskExecuter.java:36)
	at org.gradle.api.internal.tasks.execution.EventFiringTaskExecuter$1.executeTask(EventFiringTaskExecuter.java:77)
	at org.gradle.api.internal.tasks.execution.EventFiringTaskExecuter$1.call(EventFiringTaskExecuter.java:55)
	at org.gradle.api.internal.tasks.execution.EventFiringTaskExecuter$1.call(EventFiringTaskExecuter.java:52)
	at org.gradle.internal.operations.DefaultBuildOperationRunner$CallableBuildOperationWorker.execute(DefaultBuildOperationRunner.java:210)
	at org.gradle.internal.operations.DefaultBuildOperationRunner$CallableBuildOperationWorker.execute(DefaultBuildOperationRunner.java:205)
	at org.gradle.internal.operations.DefaultBuildOperationRunner$2.execute(DefaultBuildOperationRunner.java:67)
	at org.gradle.internal.operations.DefaultBuildOperationRunner$2.execute(DefaultBuildOperationRunner.java:60)
	at org.gradle.internal.operations.DefaultBuildOperationRunner.execute(DefaultBuildOperationRunner.java:167)
	at org.gradle.internal.operations.DefaultBuildOperationRunner.execute(DefaultBuildOperationRunner.java:60)
	at org.gradle.internal.operations.DefaultBuildOperationRunner.call(DefaultBuildOperationRunner.java:54)
	at org.gradle.api.internal.tasks.execution.EventFiringTaskExecuter.execute(EventFiringTaskExecuter.java:52)
	at org.gradle.execution.plan.LocalTaskNodeExecutor.execute(LocalTaskNodeExecutor.java:42)
	at org.gradle.execution.taskgraph.DefaultTaskExecutionGraph$InvokeNodeExecutorsAction.execute(DefaultTaskExecutionGraph.java:331)
	at org.gradle.execution.taskgraph.DefaultTaskExecutionGraph$InvokeNodeExecutorsAction.execute(DefaultTaskExecutionGraph.java:318)
	at org.gradle.execution.taskgraph.DefaultTaskExecutionGraph$BuildOperationAwareExecutionAction.lambda$execute$0(DefaultTaskExecutionGraph.java:314)
	at org.gradle.internal.operations.CurrentBuildOperationRef.with(CurrentBuildOperationRef.java:85)
	at org.gradle.execution.taskgraph.DefaultTaskExecutionGraph$BuildOperationAwareExecutionAction.execute(DefaultTaskExecutionGraph.java:314)
	at org.gradle.execution.taskgraph.DefaultTaskExecutionGraph$BuildOperationAwareExecutionAction.execute(DefaultTaskExecutionGraph.java:303)
	at org.gradle.execution.plan.DefaultPlanExecutor$ExecutorWorker.execute(DefaultPlanExecutor.java:459)
	at org.gradle.execution.plan.DefaultPlanExecutor$ExecutorWorker.run(DefaultPlanExecutor.java:376)
	at org.gradle.internal.concurrent.ExecutorPolicy$CatchAndRecordFailures.onExecute(ExecutorPolicy.java:64)
	at org.gradle.internal.concurrent.AbstractManagedExecutor$1.run(AbstractManagedExecutor.java:48)
Caused by: org.jetbrains.kotlin.gradle.tasks.CompilationErrorException: Compilation error. See log for more details
	at org.jetbrains.kotlin.gradle.tasks.TasksUtilsKt.throwExceptionIfCompilationFailed(tasksUtils.kt:21)
	at org.jetbrains.kotlin.compilerRunner.GradleKotlinCompilerWork.run(GradleKotlinCompilerWork.kt:119)
	at org.jetbrains.kotlin.compilerRunner.GradleCompilerRunnerWithWorkers$GradleKotlinCompilerWorkAction.execute(GradleCompilerRunnerWithWorkers.kt:76)
	at org.gradle.workers.internal.DefaultWorkerServer.execute(DefaultWorkerServer.java:63)
	at org.gradle.workers.internal.NoIsolationWorkerFactory$1$1.create(NoIsolationWorkerFactory.java:66)
	at org.gradle.workers.internal.NoIsolationWorkerFactory$1$1.create(NoIsolationWorkerFactory.java:62)
	at org.gradle.internal.classloader.ClassLoaderUtils.executeInClassloader(ClassLoaderUtils.java:100)
	at org.gradle.workers.internal.NoIsolationWorkerFactory$1.lambda$execute$0(NoIsolationWorkerFactory.java:62)
	at org.gradle.workers.internal.AbstractWorker$1.call(AbstractWorker.java:44)
	at org.gradle.workers.internal.AbstractWorker$1.call(AbstractWorker.java:41)
	at org.gradle.internal.operations.DefaultBuildOperationRunner$CallableBuildOperationWorker.execute(DefaultBuildOperationRunner.java:210)
	at org.gradle.internal.operations.DefaultBuildOperationRunner$CallableBuildOperationWorker.execute(DefaultBuildOperationRunner.java:205)
	at org.gradle.internal.operations.DefaultBuildOperationRunner$2.execute(DefaultBuildOperationRunner.java:67)
	at org.gradle.internal.operations.DefaultBuildOperationRunner$2.execute(DefaultBuildOperationRunner.java:60)
	at org.gradle.internal.operations.DefaultBuildOperationRunner.execute(DefaultBuildOperationRunner.java:167)
	at org.gradle.internal.operations.DefaultBuildOperationRunner.execute(DefaultBuildOperationRunner.java:60)
	at org.gradle.internal.operations.DefaultBuildOperationRunner.call(DefaultBuildOperationRunner.java:54)
	at org.gradle.workers.internal.AbstractWorker.executeWrappedInBuildOperation(AbstractWorker.java:41)
	at org.gradle.workers.internal.NoIsolationWorkerFactory$1.execute(NoIsolationWorkerFactory.java:59)
	at org.gradle.workers.internal.DefaultWorkerExecutor.lambda$submitWork$0(DefaultWorkerExecutor.java:174)
	at org.gradle.internal.work.DefaultConditionalExecutionQueue$ExecutionRunner.runExecution(DefaultConditionalExecutionQueue.java:194)
	at org.gradle.internal.work.DefaultConditionalExecutionQueue$ExecutionRunner.access$700(DefaultConditionalExecutionQueue.java:127)
	at org.gradle.internal.work.DefaultConditionalExecutionQueue$ExecutionRunner$1.run(DefaultConditionalExecutionQueue.java:169)
	at org.gradle.internal.Factories$1.create(Factories.java:31)
	at org.gradle.internal.work.DefaultWorkerLeaseService.withLocks(DefaultWorkerLeaseService.java:263)
	at org.gradle.internal.work.DefaultWorkerLeaseService.runAsWorkerThread(DefaultWorkerLeaseService.java:127)
	at org.gradle.internal.work.DefaultWorkerLeaseService.runAsWorkerThread(DefaultWorkerLeaseService.java:132)
	at org.gradle.internal.work.DefaultConditionalExecutionQueue$ExecutionRunner.runBatch(DefaultConditionalExecutionQueue.java:164)
	at org.gradle.internal.work.DefaultConditionalExecutionQueue$ExecutionRunner.run(DefaultConditionalExecutionQueue.java:133)
	... 2 more


BUILD FAILED in 50s
31 actionable tasks: 31 executed
Watched directory hierarchies: [/Users/sabatoiaquino/Documents/Progetto-di-HCI/platform/source]
